receiver_deployment_id,receiver_name,purchasing_organisation,receiver_project_name,receiver_status,receiver_deployment_datetime,installation_name,station_name,receiver_deployment_longitude,receiver_deployment_latitude,depth_below_surface,receiver_recovery_datetime,receiver_recovery_longitude,receiver_recovery_latitude,active
259248748,VR2Tx-483961,IMOS Animal Tracking Facility,IMOS-ATF Heron Island,DEPLOYED,2022-05-28 01:47:00,IMOS-ATF Heron Island,Heron E1,151.99969,-23.43712,8.0,,,,YES
259248751,VR2Tx-484045,IMOS Animal Tracking Facility,IMOS-ATF Heron Island,DEPLOYED,2022-05-28 01:14:00,IMOS-ATF Heron Island,S Heron,151.9781,-23.47236,15.0,,,,YES
259248733,VR2Tx-484028,IMOS Animal Tracking Facility,IMOS-ATF Heron Island,DEPLOYED,2022-05-28 00:23:00,IMOS-ATF Heron Island,HER 15,151.94704,-23.47091,16.0,,,,YES
259248742,VR2Tx-484029,IMOS Animal Tracking Facility,IMOS-ATF Heron Island,DEPLOYED,2022-05-26 03:34:00,IMOS-ATF Heron Island,HER 18,151.91231,-23.44754,15.0,,,,YES
259248745,VR2Tx-484035,IMOS Animal Tracking Facility,IMOS-ATF Heron Island,DEPLOYED,2022-05-26 02:49:00,IMOS-ATF Heron Island,HER 19,151.89972,-23.43958,9.5,,,,YES
259248739,VR2Tx-484022,IMOS Animal Tracking Facility,IMOS-ATF Heron Island,DEPLOYED,2022-05-26 02:26:00,IMOS-ATF Heron Island,HER 21,151.92682,-23.43282,19.5,,,,YES
259248736,VR2Tx-484782,IMOS Animal Tracking Facility,IMOS-ATF Heron Island,DEPLOYED,2022-05-25 15:33:00,IMOS-ATF Heron Island,HER 24,151.9807,-23.43666,10.8,,,,YES
185835578,VR2Tx-484039,IMOS Animal Tracking Facility,IMOS-ATF Heron Island,RECOVERED,2021-02-27 03:29:00,IMOS-ATF Heron Island,HER 15,151.94704,-23.47091,16.0,2022-05-28 00:22:00,151.94704,-23.47091,NO
185859543,VR2W-114688,Ocean Tracking Network,IMOS-ATF Heron Island,RECOVERED,2021-02-27 01:36:00,IMOS-ATF Heron Island,S Heron,151.97821,-23.47238,15.0,2022-05-28 01:13:00,151.9781,-23.47236,NO
185854584,VR2Tx-484014,IMOS Animal Tracking Facility,IMOS-ATF Heron Island,RECOVERED,2021-02-27 00:36:00,IMOS-ATF Heron Island,Heron E1,151.99969,-23.43712,8.0,2022-05-28 01:46:00,151.99969,-23.43712,NO
185845858,VR2Tx-484041,IMOS Animal Tracking Facility,IMOS-ATF Heron Island,RECOVERED,2021-02-25 04:34:00,IMOS-ATF Heron Island,HER 18,151.91231,-23.44754,15.0,2022-05-26 03:33:00,151.91231,-23.44754,NO
185849259,VR2Tx-483960,IMOS Animal Tracking Facility,IMOS-ATF Heron Island,RECOVERED,2021-02-25 03:54:00,IMOS-ATF Heron Island,HER 19,151.89972,-23.43958,9.5,2022-05-26 02:48:00,151.89972,-23.43958,NO
185843041,VR2Tx-484043,IMOS Animal Tracking Facility,IMOS-ATF Heron Island,RECOVERED,2021-02-25 02:42:00,IMOS-ATF Heron Island,HER 21,151.92682,-23.43282,20.0,2022-05-26 02:25:00,151.92682,-23.43282,NO
185839612,VR2Tx-484007,IMOS Animal Tracking Facility,IMOS-ATF Heron Island,RECOVERED,2021-02-25 00:46:00,IMOS-ATF Heron Island,HER 24,151.9807,-23.43666,17.0,2022-05-26 01:32:00,151.9807,-23.43666,NO
136933189,VR2W-101802,IMOS Animal Tracking Facility,IMOS-ATF Heron Island,RECOVERED,2019-06-10 02:34:00,IMOS-ATF Heron Island,HER 14,151.96519,-23.47367,21.6,2021-02-27 02:50:00,151.96519,-23.47367,NO
136933201,VR2W-114657,IMOS Animal Tracking Facility,IMOS-ATF Heron Island,RECOVERED,2019-06-10 01:40:00,IMOS-ATF Heron Island,HER 13,151.99083,-23.46936,17.7,2021-02-27 01:17:00,151.99083,-23.46936,NO
136933205,VR2W-114641,IMOS Animal Tracking Facility,IMOS-ATF Heron Island,RECOVERED,2019-06-10 01:19:00,IMOS-ATF Heron Island,Heron E2,151.99879,-23.45786,7.5,2021-02-26 23:52:00,151.99879,-23.45786,NO
136933191,VR2W-101795,IMOS Animal Tracking Facility,IMOS-ATF Heron Island,RECOVERED,2019-06-10 01:05:00,IMOS-ATF Heron Island,S Heron,151.97821,-23.47238,16.0,2021-02-27 01:36:00,151.97821,-23.47238,NO
136933203,VR2W-114687,IMOS Animal Tracking Facility,IMOS-ATF Heron Island,RECOVERED,2019-06-10 01:01:00,IMOS-ATF Heron Island,HER 12,113.766417,-22.999617,8.6,2021-02-26 23:59:00,113.766417,-22.999617,NO
136933193,VR2W-105863,IMOS Animal Tracking Facility,IMOS-ATF Heron Island,RECOVERED,2019-06-09 02:51:00,IMOS-ATF Heron Island,HER 25,151.92105,-23.44353,2.5,2021-02-27 22:05:00,151.92105,-23.44353,NO
136933195,VR2W-101823,IMOS Animal Tracking Facility,IMOS-ATF Heron Island,RECOVERED,2019-06-09 02:42:00,IMOS-ATF Heron Island,HER 26,151.93344,-23.44721,2.2,2021-02-27 22:12:00,151.93344,-23.44721,NO
136933211,VR2W-114666,IMOS Animal Tracking Facility,IMOS-ATF Heron Island,RECOVERED,2019-06-09 02:31:00,IMOS-ATF Heron Island,HER 27,151.94925,-23.44342,2.0,2021-02-27 22:20:00,151.94925,-23.44342,NO
136933197,VR2W-101828,IMOS Animal Tracking Facility,IMOS-ATF Heron Island,RECOVERED,2019-06-09 02:22:00,IMOS-ATF Heron Island,HER 28,151.96809,-23.44894,3.3,2021-02-27 22:29:00,151.96809,-23.44894,NO
136933213,VR2W-114683,IMOS Animal Tracking Facility,IMOS-ATF Heron Island,RECOVERED,2019-06-09 02:13:00,IMOS-ATF Heron Island,HER 29,151.98003,-23.45055,3.6,2021-02-27 22:44:00,151.98003,-23.45055,NO
136933199,VR2W-120744,IMOS Animal Tracking Facility,IMOS-ATF Heron Island,RECOVERED,2019-06-09 02:03:00,IMOS-ATF Heron Island,HER 30,151.96498,-23.45711,3.5,2021-02-27 22:35:00,151.96498,-23.45711,NO
136579930,VR2W-122569,IMOS Animal Tracking Facility,IMOS-ATF Heron Island,RECOVERED,2019-06-05 05:33:00,IMOS-ATF Heron Island,HER 19,151.89972,-23.43958,9.5,2021-02-25 03:54:00,151.89972,-23.43958,NO
136579834,VR2W-114560,IMOS Animal Tracking Facility,IMOS-ATF Heron Island,RECOVERED,2019-06-05 04:59:00,IMOS-ATF Heron Island,HER 15,151.94704,-23.47091,16.0,2021-02-27 03:29:00,151.94704,-23.47091,NO
136579936,VR2W-103386,IMOS Animal Tracking Facility,IMOS-ATF Heron Island,RECOVERED,2019-06-05 04:31:00,IMOS-ATF Heron Island,HER 16,151.93471,-23.46501,13.8,2021-02-27 04:15:00,151.93471,-23.46501,NO
136579940,VR2W-114640,IMOS Animal Tracking Facility,IMOS-ATF Heron Island,RECOVERED,2019-06-05 03:57:00,IMOS-ATF Heron Island,HER 17,151.92249,-23.45487,17.0,2021-02-25 04:57:00,151.92249,-23.45487,NO
136579928,VR2W-106875,IMOS Animal Tracking Facility,IMOS-ATF Heron Island,RECOVERED,2019-06-05 03:26:00,IMOS-ATF Heron Island,HER 18,151.91231,-23.44754,15.0,2021-02-25 04:34:00,151.91231,-23.44754,NO
136579926,VR2W-106862,IMOS Animal Tracking Facility,IMOS-ATF Heron Island,RECOVERED,2019-06-05 02:56:00,IMOS-ATF Heron Island,HER 20,151.90315,-23.43458,16.8,2021-02-25 03:35:00,151.90315,-23.43458,NO
136579669,VR2W-101790,IMOS Animal Tracking Facility,IMOS-ATF Heron Island,RECOVERED,2019-06-04 06:04:00,IMOS-ATF Heron Island,Heron E1,151.99969,-23.43712,,2021-02-27 00:36:00,151.99969,-23.43712,NO
136579635,VR2W-114682,Ocean Tracking Network,IMOS-ATF Heron Island,RECOVERED,2019-06-04 05:43:00,IMOS-ATF Heron Island,HER 11,151.99995,-23.42931,,2021-02-27 00:22:00,151.99995,-23.42931,NO
136579653,VR2W-114688,Ocean Tracking Network,IMOS-ATF Heron Island,RECOVERED,2019-06-04 05:20:00,IMOS-ATF Heron Island,HER 24,151.9807,-23.43666,,2021-02-25 00:46:00,151.9807,-23.43666,NO
136579647,VR2W-122572,IMOS Animal Tracking Facility,IMOS-ATF Heron Island,RECOVERED,2019-06-04 04:55:00,IMOS-ATF Heron Island,HER 23,151.96806,-23.43562,,2021-02-25 01:11:00,151.96806,-23.43562,NO
136579641,VR2W-114561,IMOS Animal Tracking Facility,IMOS-ATF Heron Island,RECOVERED,2019-06-04 04:28:00,IMOS-ATF Heron Island,HER 22,151.95218,-23.42828,,2021-02-25 01:38:00,151.95218,-23.42828,NO
136579675,VR2W-107760,IMOS Animal Tracking Facility,IMOS-ATF Heron Island,RECOVERED,2019-06-04 03:58:00,IMOS-ATF Heron Island,NE Heron,151.94185,-23.43433,,2021-02-25 01:59:00,151.94185,-23.43433,NO
136579659,VR2W-105864,IMOS Animal Tracking Facility,IMOS-ATF Heron Island,RECOVERED,2019-06-04 03:31:00,IMOS-ATF Heron Island,HER 21,151.92682,-23.43282,,2021-02-25 02:42:00,151.92682,-23.43282,NO
136579685,VR2W-106651,IMOS Animal Tracking Facility,IMOS-ATF Heron Island,RECOVERED,2019-06-04 03:05:00,IMOS-ATF Heron Island,NW Heron,151.91522,-23.4343,,2021-02-25 02:57:00,151.91522,-23.4343,NO
135184379,VR2W-114548,IMOS Animal Tracking Facility,IMOS-ATF Heron Island,RECOVERED,2018-06-12 22:25:00,IMOS-ATF Heron Island,HER 30,151.96498,-23.45711,2.5,2019-06-09 02:03:00,151.96498,-23.45711,NO
135184377,VR2W-110633,IMOS Animal Tracking Facility,IMOS-ATF Heron Island,RECOVERED,2018-06-12 22:15:00,IMOS-ATF Heron Island,HER 29,151.98003,-23.45055,2.6,2019-06-09 02:13:00,151.98003,-23.45055,NO
135184375,VR2W-120740,IMOS Animal Tracking Facility,IMOS-ATF Heron Island,RECOVERED,2018-06-12 22:07:00,IMOS-ATF Heron Island,HER 28,151.96809,-23.44894,2.3,2019-06-09 02:22:00,151.96809,-23.44894,NO
135184373,VR2W-105732,IMOS Animal Tracking Facility,IMOS-ATF Heron Island,RECOVERED,2018-06-12 21:58:00,IMOS-ATF Heron Island,HER 27,151.94925,-23.44342,2.3,2019-06-09 02:31:00,151.94925,-23.44342,NO
135184371,VR2W-114537,IMOS Animal Tracking Facility,IMOS-ATF Heron Island,RECOVERED,2018-06-12 21:50:00,IMOS-ATF Heron Island,HER 26,151.93344,-23.44721,1.2,2019-06-09 02:42:00,151.93344,-23.44721,NO
135184369,VR2W-106658,IMOS Animal Tracking Facility,IMOS-ATF Heron Island,RECOVERED,2018-06-12 21:41:00,IMOS-ATF Heron Island,HER 25,151.92105,-23.44353,1.5,2019-06-09 02:51:00,151.92105,-23.44353,NO
135084290,VR2W-115055,IMOS Animal Tracking Facility,IMOS-ATF Heron Island,RECOVERED,2018-06-09 23:54:00,IMOS-ATF Heron Island,HER 12,151.99947,-23.44943,7.6,2019-06-10 01:01:00,151.99947,-23.44943,NO
135045500,VR2W-101802,IMOS Animal Tracking Facility,IMOS-ATF Heron Island,RECOVERED,2018-06-09 23:32:00,IMOS-ATF Heron Island,Heron E1,151.94185,-23.43433,8.0,2019-06-04 06:04:00,151.94185,-23.43433,NO
135084285,VR2W-101727,IMOS Animal Tracking Facility,IMOS-ATF Heron Island,RECOVERED,2018-06-09 23:08:00,IMOS-ATF Heron Island,HER 11,151.99995,-23.42931,9.0,2019-06-04 05:43:00,151.99995,-23.42931,NO
135055975,VR2W-114660,IMOS Animal Tracking Facility,IMOS-ATF Heron Island,RECOVERED,2018-06-09 02:12:00,IMOS-ATF Heron Island,Heron E2,151.99879,-23.45786,6.5,2019-06-10 01:19:00,151.99879,-23.45786,NO
135055973,VR2W-114662,IMOS Animal Tracking Facility,IMOS-ATF Heron Island,RECOVERED,2018-06-09 01:19:00,IMOS-ATF Heron Island,S Heron,151.97821,-23.47238,15.0,2019-06-10 02:05:00,151.97821,-23.47238,NO
135055983,VR2W-114650,IMOS Animal Tracking Facility,IMOS-ATF Heron Island,RECOVERED,2018-06-09 00:56:00,IMOS-ATF Heron Island,HER 13,151.99083,-23.46936,16.7,2019-06-10 01:40:00,151.99083,-23.46936,NO
135055981,VR2W-122574,IMOS Animal Tracking Facility,IMOS-ATF Heron Island,RECOVERED,2018-06-09 00:56:00,IMOS-ATF Heron Island,HER 14,151.96519,-23.47367,20.6,2019-06-10 02:34:00,151.96519,-23.47367,NO
135055994,VR2W-113946,IMOS Animal Tracking Facility,IMOS-ATF Heron Island,RECOVERED,2018-06-09 00:28:00,IMOS-ATF Heron Island,HER 15,151.94704,-23.47091,16.0,2019-06-05 04:59:00,151.94704,-23.47091,NO
135055985,VR2W-122579,IMOS Animal Tracking Facility,IMOS-ATF Heron Island,RECOVERED,2018-06-09 00:06:00,IMOS-ATF Heron Island,HER 16,151.93471,-23.46501,13.8,2019-06-05 04:31:00,151.93471,-23.46501,NO
135055979,VR2W-105730,IMOS Animal Tracking Facility,IMOS-ATF Heron Island,RECOVERED,2018-06-08 23:42:00,IMOS-ATF Heron Island,HER 17,151.92249,-23.45487,17.0,2019-06-05 03:57:00,151.92249,-23.45487,NO
135055977,VR2W-114641,IMOS Animal Tracking Facility,IMOS-ATF Heron Island,RECOVERED,2018-06-08 23:11:00,IMOS-ATF Heron Island,HER 18,151.91231,-23.44754,15.0,2019-06-05 03:26:00,151.91231,-23.44754,NO
135053624,VR2W-114668,IMOS Animal Tracking Facility,IMOS-ATF Heron Island,RECOVERED,2018-06-08 00:31:00,IMOS-ATF Heron Island,HER 24,151.9807,-23.43666,10.8,2019-06-04 05:20:00,151.9807,-23.43666,NO
135053622,VR2W-101795,IMOS Animal Tracking Facility,IMOS-ATF Heron Island,RECOVERED,2018-06-08 00:05:00,IMOS-ATF Heron Island,HER 23,151.96806,-23.43562,10.6,2019-06-04 04:55:00,151.96806,-23.43562,NO
135053626,VR2W-114674,IMOS Animal Tracking Facility,IMOS-ATF Heron Island,RECOVERED,2018-06-07 23:51:00,IMOS-ATF Heron Island,HER 20,151.90315,-23.43458,16.8,2019-06-05 02:56:00,151.90315,-23.43458,NO
135053628,VR2W-114659,IMOS Animal Tracking Facility,IMOS-ATF Heron Island,RECOVERED,2018-06-07 23:08:00,IMOS-ATF Heron Island,HER 19,151.89972,-23.43958,9.5,2019-06-05 05:33:00,151.89972,-23.43958,NO
135045490,VR2W-114677,IMOS Animal Tracking Facility,IMOS-ATF Heron Island,RECOVERED,2018-06-07 01:24:00,IMOS-ATF Heron Island,HER 22,151.95218,-23.42828,11.0,2019-06-04 04:28:00,151.95218,-23.42828,NO
135117831,VR2W-114657,IMOS Animal Tracking Facility,IMOS-ATF Heron Island,RECOVERED,2018-06-07 00:53:00,IMOS-ATF Heron Island,NE Heron,151.94185,-23.43433,14.0,2019-06-04 03:58:00,151.94185,-23.43433,NO
135045496,VR2W-114687,IMOS Animal Tracking Facility,IMOS-ATF Heron Island,RECOVERED,2018-06-07 00:53:00,IMOS-ATF Heron Island,HER 21,151.92682,-23.43282,19.5,2019-06-04 03:31:00,151.92682,-23.43282,NO
135045498,VR2W-114707,IMOS Animal Tracking Facility,IMOS-ATF Heron Island,RECOVERED,2018-06-06 23:57:00,IMOS-ATF Heron Island,NW Heron,151.91522,-23.4343,13.0,2019-06-04 03:05:00,151.91522,-23.4343,NO
130926084,VR2W-101819,IMOS Animal Tracking Facility,IMOS-ATF Heron Island,RECOVERED,2017-05-27 04:35:00,IMOS-ATF Heron Island,HER 11,151.99995,-23.42931,9.0,2018-06-09 23:08:00,151.99995,-23.42931,NO
130926104,VR2W-101844,IMOS Animal Tracking Facility,IMOS-ATF Heron Island,RECOVERED,2017-05-27 04:08:00,IMOS-ATF Heron Island,Heron E1,151.99969,-23.43712,8.0,2018-06-09 23:32:00,151.99969,-23.43712,NO
130926086,VR2W-122588,IMOS Animal Tracking Facility,IMOS-ATF Heron Island,RECOVERED,2017-05-27 03:36:00,IMOS-ATF Heron Island,HER 12,151.99947,-23.44943,7.6,2018-06-09 23:54:00,151.99947,-23.44943,NO
130926106,VR2W-101859,IMOS Animal Tracking Facility,IMOS-ATF Heron Island,RECOVERED,2017-05-27 03:18:00,IMOS-ATF Heron Island,Heron E2,151.99879,-23.45786,6.5,2018-06-09 02:12:00,151.99879,-23.45786,NO
130926068,VR2W-106914,IMOS Animal Tracking Facility,IMOS-ATF Heron Island,RECOVERED,2017-05-26 23:59:00,IMOS-ATF Heron Island,HER 27,151.94925,-23.44342,1.0,2018-06-12 21:58:00,151.94925,-23.44342,NO
130926070,VR2W-106902,IMOS Animal Tracking Facility,IMOS-ATF Heron Island,RECOVERED,2017-05-26 23:50:00,IMOS-ATF Heron Island,HER 28,151.96809,-23.44894,2.3,2018-06-12 22:07:00,151.96809,-23.44894,NO
130926072,VR2W-114572,IMOS Animal Tracking Facility,IMOS-ATF Heron Island,RECOVERED,2017-05-26 23:39:00,IMOS-ATF Heron Island,HER 29,151.98003,-23.45055,2.6,2018-06-12 22:15:00,151.98003,-23.45055,NO
130926074,VR2W-119639,IMOS Animal Tracking Facility,IMOS-ATF Heron Island,RECOVERED,2017-05-26 23:32:00,IMOS-ATF Heron Island,HER 30,151.96498,-23.45711,2.5,2018-06-12 22:25:00,151.96498,-23.45711,NO
130926066,VR2W-113133,IMOS Animal Tracking Facility,IMOS-ATF Heron Island,RECOVERED,2017-05-26 23:17:00,IMOS-ATF Heron Island,HER 26,151.93344,-23.44721,1.5,2018-06-12 21:50:00,151.93344,-23.44721,NO
130926064,VR2W-114565,IMOS Animal Tracking Facility,IMOS-ATF Heron Island,RECOVERED,2017-05-26 23:05:00,IMOS-ATF Heron Island,HER 25,151.92105,-23.44353,1.5,2018-06-12 21:40:00,151.92105,-23.44353,NO
130926080,VR2W-114537,IMOS Animal Tracking Facility,IMOS-ATF Heron Island,RECOVERED,2017-05-26 04:10:00,IMOS-ATF Heron Island,HER 13,151.99083,-23.46936,16.7,2018-06-09 01:44:00,151.99083,-23.46936,NO
130926112,VR2W-120738,IMOS Animal Tracking Facility,IMOS-ATF Heron Island,RECOVERED,2017-05-26 03:42:00,IMOS-ATF Heron Island,S Heron,151.97821,-23.47238,15.0,2018-06-09 01:19:00,151.97821,-23.47238,NO
130926082,VR2W-122570,IMOS Animal Tracking Facility,IMOS-ATF Heron Island,RECOVERED,2017-05-26 03:41:00,IMOS-ATF Heron Island,HER 14,151.96519,-23.47367,20.6,2018-06-09 00:55:00,151.96519,-23.47367,NO
130926076,VR2W-101907,IMOS Animal Tracking Facility,IMOS-ATF Heron Island,RECOVERED,2017-05-26 02:45:00,IMOS-ATF Heron Island,HER 15,151.94704,-23.47091,16.0,2018-06-09 00:27:00,151.94704,-23.47091,NO
130926078,VR2W-114563,IMOS Animal Tracking Facility,IMOS-ATF Heron Island,RECOVERED,2017-05-26 02:09:00,IMOS-ATF Heron Island,HER 16,151.93471,-23.46501,13.8,2018-06-09 00:05:00,151.93471,-23.46501,NO
130926094,VR2W-106906,IMOS Animal Tracking Facility,IMOS-ATF Heron Island,RECOVERED,2017-05-26 01:39:00,IMOS-ATF Heron Island,HER 17,151.92249,-23.45487,17.0,2018-06-08 23:41:00,151.92249,-23.45487,NO
130926100,VR2W-111273,IMOS Animal Tracking Facility,IMOS-ATF Heron Island,RECOVERED,2017-05-26 01:05:00,IMOS-ATF Heron Island,HER 18,151.91231,-23.44754,15.0,2018-06-08 23:11:00,151.91231,-23.44754,NO
130926096,VR2W-101826,IMOS Animal Tracking Facility,IMOS-ATF Heron Island,RECOVERED,2017-05-24 02:24:00,IMOS-ATF Heron Island,HER 21,151.92682,-23.43282,19.5,2018-06-07 00:52:00,151.92682,-23.43282,NO
130926092,VR2W-115055,IMOS Animal Tracking Facility,IMOS-ATF Heron Island,RECOVERED,2017-05-24 01:56:00,IMOS-ATF Heron Island,HER 24,151.9807,-23.43666,10.8,2018-06-08 00:31:00,151.9807,-23.43666,NO
130926090,VR2W-101864,IMOS Animal Tracking Facility,IMOS-ATF Heron Island,RECOVERED,2017-05-24 01:28:00,IMOS-ATF Heron Island,HER 23,151.96806,-23.43562,10.6,2018-06-08 00:04:00,151.96806,-23.43562,NO
130926088,VR2W-104177,IMOS Animal Tracking Facility,IMOS-ATF Heron Island,RECOVERED,2017-05-24 01:02:00,IMOS-ATF Heron Island,HER 22,151.95232,-23.42818,11.0,2018-06-07 01:23:00,151.95232,-23.42818,NO
130926108,VR2W-101802,IMOS Animal Tracking Facility,IMOS-ATF Heron Island,RECOVERED,2017-05-24 00:30:00,IMOS-ATF Heron Island,NE Heron,151.94185,-23.43433,14.0,2018-06-07 00:53:00,151.94185,-23.43433,NO
130926110,VR2W-122578,IMOS Animal Tracking Facility,IMOS-ATF Heron Island,RECOVERED,2017-05-24 00:00:00,IMOS-ATF Heron Island,NW Heron,151.91522,-23.4343,13.0,2018-06-06 23:56:00,151.91522,-23.4343,NO
130926098,VR2W-101777,IMOS Animal Tracking Facility,IMOS-ATF Heron Island,RECOVERED,2017-05-23 23:23:00,IMOS-ATF Heron Island,HER 20,151.90315,-23.43458,16.8,2018-06-07 23:50:00,151.90315,-23.43458,NO
130926102,VR2W-101727,IMOS Animal Tracking Facility,IMOS-ATF Heron Island,RECOVERED,2017-05-23 22:56:00,IMOS-ATF Heron Island,HER 19,151.89972,-23.43958,9.5,2018-06-07 23:08:00,151.89972,-23.43958,NO
129722838,VR2W-101801,IMOS Animal Tracking Facility,IMOS-ATF Heron Island,RECOVERED,2016-06-02 21:30:00,IMOS-ATF Heron Island,HER 28,151.96809,-23.44894,2.3,2017-05-26 23:50:00,151.96809,-23.44894,NO
129722848,VR2W-113116,IMOS Animal Tracking Facility,IMOS-ATF Heron Island,RECOVERED,2016-06-02 21:20:00,IMOS-ATF Heron Island,HER 29,151.98003,-23.45055,2.6,2017-05-26 23:39:00,151.98003,-23.45055,NO
129722850,VR2W-114589,IMOS Animal Tracking Facility,IMOS-ATF Heron Island,RECOVERED,2016-06-02 21:09:00,IMOS-ATF Heron Island,HER 30,151.96498,-23.45711,2.5,2017-05-26 23:32:00,151.96498,-23.45711,NO
129722828,VR2W-106873,IMOS Animal Tracking Facility,IMOS-ATF Heron Island,RECOVERED,2016-06-02 20:55:00,IMOS-ATF Heron Island,HER 26,151.93344,-23.44721,1.2,2017-05-26 23:17:00,151.93344,-23.44721,NO
129722830,VR2W-113124,IMOS Animal Tracking Facility,IMOS-ATF Heron Island,RECOVERED,2016-06-02 20:55:00,IMOS-ATF Heron Island,HER 27,151.94925,-23.44342,1.0,2017-05-26 23:59:00,151.94925,-23.44342,NO
129722819,VR2W-106917,IMOS Animal Tracking Facility,IMOS-ATF Heron Island,RECOVERED,2016-06-02 20:23:00,IMOS-ATF Heron Island,HER 25,151.92105,-23.44353,1.5,2017-05-26 23:05:00,151.92105,-23.44353,NO
129722897,VR2W-106658,IMOS Animal Tracking Facility,IMOS-ATF Heron Island,RECOVERED,2016-06-01 02:43:00,IMOS-ATF Heron Island,HER 18,151.91231,-23.44754,15.0,2017-05-26 01:05:00,151.91231,-23.44754,NO
129722899,VR2W-114563,IMOS Animal Tracking Facility,IMOS-ATF Heron Island,RECOVERED,2016-06-01 02:00:00,IMOS-ATF Heron Island,HER 19,151.89972,-23.43958,11.5,2017-05-23 22:56:00,151.89972,-23.43958,NO
129722895,VR2W-106906,IMOS Animal Tracking Facility,IMOS-ATF Heron Island,RECOVERED,2016-06-01 01:13:00,IMOS-ATF Heron Island,HER 20,151.90315,-23.43458,16.8,2017-05-23 23:23:00,151.90315,-23.43458,NO
129722893,VR2W-114572,IMOS Animal Tracking Facility,IMOS-ATF Heron Island,RECOVERED,2016-06-01 00:45:00,IMOS-ATF Heron Island,HER 21,151.92682,-23.43282,19.5,2017-05-24 02:24:00,151.92682,-23.43282,NO
129762910,VR2W-101844,IMOS Animal Tracking Facility,IMOS-ATF Heron Island,RECOVERED,2016-05-31 01:58:00,IMOS-ATF Heron Island,NW Heron,151.91522,-23.4343,13.0,2017-05-24 03:42:00,151.91522,-23.4343,NO
129752908,VR2W-106914,IMOS Animal Tracking Facility,IMOS-ATF Heron Island,RECOVERED,2016-05-31 01:22:00,IMOS-ATF Heron Island,NE Heron,151.94185,-23.43433,14.0,2017-05-24 00:30:00,151.94185,-23.43433,NO
129722882,VR2W-114537,IMOS Animal Tracking Facility,IMOS-ATF Heron Island,RECOVERED,2016-05-31 00:50:00,IMOS-ATF Heron Island,HER 22,151.95218,-23.42828,11.0,2017-05-24 01:02:00,151.95218,-23.42828,NO
129722884,VR2W-101759,IMOS Animal Tracking Facility,IMOS-ATF Heron Island,RECOVERED,2016-05-31 00:24:00,IMOS-ATF Heron Island,HER 23,151.96806,-23.43562,10.6,2017-05-24 01:28:00,151.96806,-23.43562,NO
129722886,VR2W-113133,IMOS Animal Tracking Facility,IMOS-ATF Heron Island,RECOVERED,2016-05-30 23:50:00,IMOS-ATF Heron Island,HER 24,151.9807,-23.43666,10.8,2017-05-24 01:56:00,151.9807,-23.43666,NO
129722904,VR2W-114554,IMOS Animal Tracking Facility,IMOS-ATF Heron Island,RECOVERED,2016-05-30 03:49:00,IMOS-ATF Heron Island,Heron E1,151.99969,-23.43712,10.0,2017-05-27 04:08:00,151.99969,-23.43712,NO
129722880,VR2W-114557,IMOS Animal Tracking Facility,IMOS-ATF Heron Island,RECOVERED,2016-05-30 03:26:00,IMOS-ATF Heron Island,HER 12,151.99947,-23.44943,7.6,2017-05-27 03:36:00,151.99947,-23.44943,NO
129732906,VR2W-122586,IMOS Animal Tracking Facility,IMOS-ATF Heron Island,RECOVERED,2016-05-30 02:54:00,IMOS-ATF Heron Island,Heron E2,151.99879,-23.45786,6.5,2017-05-27 03:18:00,151.99879,-23.45786,NO
129722878,VR2W-106889,IMOS Animal Tracking Facility,IMOS-ATF Heron Island,RECOVERED,2016-05-30 01:06:00,IMOS-ATF Heron Island,HER 11,151.99995,-23.42931,9.0,2017-05-27 04:35:00,151.99995,-23.42931,NO
129722870,VR2W-120744,IMOS Animal Tracking Facility,IMOS-ATF Heron Island,RECOVERED,2016-05-26 06:16:00,IMOS-ATF Heron Island,HER 13,151.99083,-23.46936,16.7,2017-05-26 04:10:00,151.99083,-23.46936,NO
129772912,VR2W-120740,IMOS Animal Tracking Facility,IMOS-ATF Heron Island,RECOVERED,2016-05-26 05:45:00,IMOS-ATF Heron Island,S Heron,151.97821,-23.47238,15.0,2017-05-26 03:42:00,151.97821,-23.47238,NO
129722876,VR2W-111277,IMOS Animal Tracking Facility,IMOS-ATF Heron Island,RECOVERED,2016-05-26 05:10:00,IMOS-ATF Heron Island,HER 14,151.96519,-23.47367,20.6,2017-05-26 03:41:00,151.96519,-23.47367,NO
129722856,VR2W-101717,IMOS Animal Tracking Facility,IMOS-ATF Heron Island,RECOVERED,2016-05-26 04:42:00,IMOS-ATF Heron Island,HER 15,151.94704,-23.47091,16.0,2017-05-26 02:45:00,151.94704,-23.47091,NO
129722862,VR2W-101828,IMOS Animal Tracking Facility,IMOS-ATF Heron Island,RECOVERED,2016-05-26 04:04:00,IMOS-ATF Heron Island,HER 16,151.93471,-23.46501,13.8,2017-05-26 02:09:00,151.93471,-23.46501,NO
129722891,VR2W-120745,IMOS Animal Tracking Facility,IMOS-ATF Heron Island,RECOVERED,2016-05-26 03:34:00,IMOS-ATF Heron Island,HER 17,151.92249,-23.45487,17.0,2017-05-26 01:39:00,151.92249,-23.45487,NO
117606822,VR2W-106869,IMOS Animal Tracking Facility,IMOS-ATF Heron Island,RECOVERED,2015-03-17 22:09:00,IMOS-ATF Heron Island,HER 27,151.94925,-23.44342,2.0,2016-06-02 21:45:00,151.94925,-23.44342,NO
117606680,VR2W-114548,IMOS Animal Tracking Facility,IMOS-ATF Heron Island,RECOVERED,2015-03-17 21:50:00,IMOS-ATF Heron Island,HER 30,151.96498,-23.45711,3.5,2016-06-02 21:09:00,151.96498,-23.45711,NO
117606677,VR2W-114567,IMOS Animal Tracking Facility,IMOS-ATF Heron Island,RECOVERED,2015-03-17 21:35:00,IMOS-ATF Heron Island,HER 29,151.98003,-23.45055,3.6,2016-06-02 21:20:00,151.98003,-23.45055,NO
117606674,VR2W-114552,IMOS Animal Tracking Facility,IMOS-ATF Heron Island,RECOVERED,2015-03-17 21:24:00,IMOS-ATF Heron Island,HER 28,151.96809,-23.44894,3.3,2016-06-02 21:30:00,151.96809,-23.44894,NO
117606667,VR2W-108353,IMOS Animal Tracking Facility,IMOS-ATF Heron Island,RECOVERED,2015-03-17 21:03:00,IMOS-ATF Heron Island,HER 26,151.93344,-23.44721,2.2,2016-06-02 20:55:00,151.93344,-23.44721,NO
117606664,VR2W-106877,IMOS Animal Tracking Facility,IMOS-ATF Heron Island,RECOVERED,2015-03-17 20:50:00,IMOS-ATF Heron Island,HER 25,151.92105,-23.44353,2.5,2016-06-02 20:23:00,151.92105,-23.44353,NO
117606831,VR2W-114557,IMOS Animal Tracking Facility,IMOS-ATF Heron Island,RECOVERED,2015-03-16 23:27:00,IMOS-ATF Heron Island,HER 17,151.92249,-23.45487,18.0,2016-05-26 03:34:00,151.92249,-23.45487,NO
117606686,VR2W-106906,IMOS Animal Tracking Facility,IMOS-ATF Heron Island,RECOVERED,2015-03-16 23:04:00,IMOS-ATF Heron Island,HER 16,151.93471,-23.46501,14.8,2016-05-26 04:04:00,151.93471,-23.46501,NO
117606683,VR2W-114572,IMOS Animal Tracking Facility,IMOS-ATF Heron Island,RECOVERED,2015-03-16 22:35:00,IMOS-ATF Heron Island,HER 15,151.94704,-23.47091,17.0,2016-05-26 04:42:00,151.94704,-23.47091,NO
117606689,VR2W-106896,IMOS Animal Tracking Facility,IMOS-ATF Heron Island,RECOVERED,2015-03-16 22:04:00,IMOS-ATF Heron Island,HER 14,151.96519,-23.47367,22.0,2016-05-26 05:10:00,151.96519,-23.47367,NO
117606834,VR2W-101859,IMOS Animal Tracking Facility,IMOS-ATF Heron Island,RECOVERED,2015-03-16 04:53:00,IMOS-ATF Heron Island,S Heron,151.97821,-23.47238,16.0,2016-05-26 05:45:00,151.97821,-23.47238,NO
117606825,VR2W-101902,IMOS Animal Tracking Facility,IMOS-ATF Heron Island,RECOVERED,2015-03-16 04:12:00,IMOS-ATF Heron Island,HER 13,151.99083,-23.46936,17.7,2016-05-26 06:16:00,151.99083,-23.46936,NO
117606922,VR2W-103386,IMOS Animal Tracking Facility,IMOS-ATF Heron Island,RECOVERED,2015-03-16 03:35:00,IMOS-ATF Heron Island,Heron E2,151.99879,-23.45786,7.5,2016-05-30 02:54:00,151.99879,-23.45786,NO
117606828,VR2W-106887,IMOS Animal Tracking Facility,IMOS-ATF Heron Island,RECOVERED,2015-03-16 02:59:00,IMOS-ATF Heron Island,HER 12,151.99947,-23.44943,8.6,2016-05-30 03:26:00,151.99947,-23.44943,NO
117606695,VR2W-104182,IMOS Animal Tracking Facility,IMOS-ATF Heron Island,RECOVERED,2015-03-15 06:07:00,IMOS-ATF Heron Island,HER 11,151.99995,-23.42931,10.0,2016-05-30 01:06:00,151.99995,-23.42931,NO
117606716,VR2W-114545,IMOS Animal Tracking Facility,IMOS-ATF Heron Island,RECOVERED,2015-03-15 05:45:00,IMOS-ATF Heron Island,Heron E1,151.99969,-23.43712,9.0,2016-05-30 03:49:00,151.99969,-23.43712,NO
117606710,VR2W-122584,IMOS Animal Tracking Facility,IMOS-ATF Heron Island,RECOVERED,2015-03-14 01:35:00,IMOS-ATF Heron Island,HER 18,151.91231,-23.44754,16.0,2016-06-01 02:43:00,151.91231,-23.44754,NO
117606722,VR2W-122587,IMOS Animal Tracking Facility,IMOS-ATF Heron Island,RECOVERED,2015-03-14 00:42:00,IMOS-ATF Heron Island,NW Heron,151.91539,-23.43442,14.0,2016-05-31 01:58:00,151.91539,-23.43442,NO
117606919,VR2W-119302,Commonwealth Scientific and Industrial Research Organisation,IMOS-ATF Heron Island,RECOVERED,2015-03-12 07:11:00,IMOS-ATF Heron Island,HER 21,151.92682,-23.43282,20.5,2016-06-01 00:45:00,151.92682,-23.43282,NO
117606719,VR2W-101787,IMOS Animal Tracking Facility,IMOS-ATF Heron Island,RECOVERED,2015-03-12 06:33:00,IMOS-ATF Heron Island,NE Heron,151.94185,-23.43433,15.0,2016-05-31 01:22:00,151.94185,-23.43433,NO
117606701,VR2W-122571,IMOS Animal Tracking Facility,IMOS-ATF Heron Island,RECOVERED,2015-03-12 05:48:00,IMOS-ATF Heron Island,HER 23,151.96806,-23.43562,11.6,2016-05-31 00:24:00,151.96806,-23.43562,NO
117606704,VR2W-122577,IMOS Animal Tracking Facility,IMOS-ATF Heron Island,RECOVERED,2015-03-12 05:05:00,IMOS-ATF Heron Island,HER 24,151.9807,-23.43666,11.8,2016-05-30 23:50:00,151.9807,-23.43666,NO
117606698,VR2W-122572,IMOS Animal Tracking Facility,IMOS-ATF Heron Island,RECOVERED,2015-03-12 04:20:00,IMOS-ATF Heron Island,HER 22,151.95218,-23.42828,12.0,2016-05-31 00:50:00,151.95218,-23.42828,NO
117606707,VR2W-101801,IMOS Animal Tracking Facility,IMOS-ATF Heron Island,RECOVERED,2015-03-12 03:37:00,IMOS-ATF Heron Island,HER 20,151.90315,-23.43458,17.8,2016-06-01 01:13:00,151.90315,-23.43458,NO
117606713,VR2W-122581,IMOS Animal Tracking Facility,IMOS-ATF Heron Island,RECOVERED,2015-03-12 02:51:00,IMOS-ATF Heron Island,HER 19,151.89972,-23.43958,10.5,2016-06-01 02:00:00,151.89972,-23.43958,NO
107898685,VR2W-113112,IMOS Animal Tracking Facility,IMOS-ATF Heron Island,RECOVERED,2014-08-01 01:33:00,IMOS-ATF Heron Island,HER 30,151.96498,-23.45711,3.5,2015-03-17 21:50:00,151.96498,-23.45711,NO
107898682,VR2W-106666,IMOS Animal Tracking Facility,IMOS-ATF Heron Island,RECOVERED,2014-08-01 01:18:00,IMOS-ATF Heron Island,HER 29,151.98003,-23.45055,3.6,2015-03-17 21:34:00,151.98003,-23.45055,NO
107898679,VR2W-106888,IMOS Animal Tracking Facility,IMOS-ATF Heron Island,RECOVERED,2014-08-01 01:03:00,IMOS-ATF Heron Island,HER 28,151.96809,-23.44894,3.3,2015-03-17 21:24:00,151.96809,-23.44894,NO
107898676,VR2W-114562,IMOS Animal Tracking Facility,IMOS-ATF Heron Island,RECOVERED,2014-08-01 00:55:00,IMOS-ATF Heron Island,HER 27,151.94925,-23.44342,2.0,2015-03-17 22:09:00,151.94925,-23.44342,NO
107898673,VR2W-106917,IMOS Animal Tracking Facility,IMOS-ATF Heron Island,RECOVERED,2014-08-01 00:27:00,IMOS-ATF Heron Island,HER 26,151.93344,-23.44721,2.2,2015-03-17 21:03:00,151.93344,-23.44721,NO
107898670,VR2W-101729,IMOS Animal Tracking Facility,IMOS-ATF Heron Island,RECOVERED,2014-08-01 00:14:00,IMOS-ATF Heron Island,HER 25,151.92105,-23.44353,2.5,2015-03-17 20:50:00,151.92105,-23.44353,NO
107898715,VR2W-114567,IMOS Animal Tracking Facility,IMOS-ATF Heron Island,RECOVERED,2014-07-31 22:50:00,IMOS-ATF Heron Island,HER 17,151.92249,-23.45487,18.0,2015-03-16 23:27:00,151.92249,-23.45487,NO
107898727,VR2W-103386,IMOS Animal Tracking Facility,IMOS-ATF Heron Island,RECOVERED,2014-07-31 04:13:00,IMOS-ATF Heron Island,Heron E1,151.99969,-23.43712,9.0,2015-03-15 05:45:00,151.99969,-23.43712,NO
107898703,VR2W-114572,IMOS Animal Tracking Facility,IMOS-ATF Heron Island,RECOVERED,2014-07-31 03:45:00,IMOS-ATF Heron Island,HER 12,151.99947,-23.44943,8.6,2015-03-16 02:59:00,151.99947,-23.44943,NO
107898730,VR2W-106896,IMOS Animal Tracking Facility,IMOS-ATF Heron Island,RECOVERED,2014-07-31 03:34:00,IMOS-ATF Heron Island,Heron E2,151.99879,-23.45786,7.5,2015-03-16 03:35:00,151.99879,-23.45786,NO
107898694,VR2W-106906,IMOS Animal Tracking Facility,IMOS-ATF Heron Island,RECOVERED,2014-07-31 03:18:00,IMOS-ATF Heron Island,HER 13,151.99083,-23.46936,17.7,2015-03-16 04:12:00,151.99083,-23.46936,NO
107898739,VR2W-101790,IMOS Animal Tracking Facility,IMOS-ATF Heron Island,RECOVERED,2014-07-31 02:45:00,IMOS-ATF Heron Island,S Heron,151.97821,-23.47238,16.0,2015-03-16 04:53:00,151.97821,-23.47238,NO
107898697,VR2W-114552,IMOS Animal Tracking Facility,IMOS-ATF Heron Island,RECOVERED,2014-07-31 02:17:00,IMOS-ATF Heron Island,HER 14,151.96519,-23.47367,21.6,2015-03-16 22:04:00,151.96519,-23.47367,NO
107898688,VR2W-114548,IMOS Animal Tracking Facility,IMOS-ATF Heron Island,RECOVERED,2014-07-31 01:50:00,IMOS-ATF Heron Island,HER 15,151.94704,-23.47091,17.0,2015-03-16 22:35:00,151.94704,-23.47091,NO
107898691,VR2W-106877,IMOS Animal Tracking Facility,IMOS-ATF Heron Island,RECOVERED,2014-07-31 01:30:00,IMOS-ATF Heron Island,HER 16,151.93471,-23.46501,14.8,2015-03-16 23:04:00,151.93471,-23.46501,NO
107898721,VR2W-108352,IMOS Animal Tracking Facility,IMOS-ATF Heron Island,RECOVERED,2014-07-31 00:59:00,IMOS-ATF Heron Island,HER 18,151.91231,-23.44754,16.0,2015-03-14 01:35:00,151.91231,-23.44754,NO
107898724,VR2W-106889,IMOS Animal Tracking Facility,IMOS-ATF Heron Island,RECOVERED,2014-07-31 00:40:00,IMOS-ATF Heron Island,HER 19,151.89972,-23.43958,10.5,2015-03-12 02:51:00,151.89972,-23.43958,NO
107898718,VR2W-114545,IMOS Animal Tracking Facility,IMOS-ATF Heron Island,RECOVERED,2014-07-31 00:15:00,IMOS-ATF Heron Island,HER 20,151.90315,-23.43458,17.8,2015-03-12 03:37:00,151.90315,-23.43458,NO
107898736,VR2W-111268,IMOS Animal Tracking Facility,IMOS-ATF Heron Island,RECOVERED,2014-07-30 23:47:00,IMOS-ATF Heron Island,NW Heron,151.91539,-23.43442,14.0,2015-03-14 00:42:00,151.91539,-23.43442,NO
107898780,VR2W-101826,IMOS Animal Tracking Facility,IMOS-ATF Heron Island,RECOVERED,2014-07-29 03:56:00,IMOS-ATF Heron Island,HER 21,151.92682,-23.43282,20.5,2015-03-12 07:11:00,151.92682,-23.43282,NO
107898733,VR2W-104182,IMOS Animal Tracking Facility,IMOS-ATF Heron Island,RECOVERED,2014-07-29 03:20:00,IMOS-ATF Heron Island,NE Heron,151.94185,-23.43433,15.0,2015-03-12 06:33:00,151.94185,-23.43433,NO
107898706,VR2W-114533,IMOS Animal Tracking Facility,IMOS-ATF Heron Island,RECOVERED,2014-07-29 02:53:00,IMOS-ATF Heron Island,HER 22,151.95218,-23.42828,12.0,2015-03-12 04:20:00,151.95218,-23.42828,NO
107898709,VR2W-114551,IMOS Animal Tracking Facility,IMOS-ATF Heron Island,RECOVERED,2014-07-29 02:30:00,IMOS-ATF Heron Island,HER 23,151.96806,-23.43562,11.6,2015-03-12 05:48:00,151.96806,-23.43562,NO
107898712,VR2W-101844,IMOS Animal Tracking Facility,IMOS-ATF Heron Island,RECOVERED,2014-07-29 01:23:00,IMOS-ATF Heron Island,HER 24,151.9807,-23.43666,11.8,2015-03-12 05:05:00,151.9807,-23.43666,NO
107898700,VR2W-114537,IMOS Animal Tracking Facility,IMOS-ATF Heron Island,RECOVERED,2014-07-29 00:44:00,IMOS-ATF Heron Island,HER 11,151.99995,-23.42931,10.0,2015-03-15 06:07:00,151.99997,-23.42935,NO
106995705,VR2W-124042,Australian Institute of Marine Science,IMOS-ATF Heron Island,DEPLOYED,2014-07-01 04:20:00,IMOS-ATF Heron Island,VP0,151.94003,-23.43496,,,,,NO
106995699,VR2W-124040,Australian Institute of Marine Science,IMOS-ATF Heron Island,RECOVERED,2014-07-01 03:50:00,IMOS-ATF Heron Island,VP8,151.93802,-23.43502,,2014-07-02 03:50:00,151.93802,-23.43502,NO
106995693,VR2W-124038,Australian Institute of Marine Science,IMOS-ATF Heron Island,DEPLOYED,2014-07-01 03:15:00,IMOS-ATF Heron Island,VP6,151.93617,-23.43524,,,,,NO
106995687,VR2W-124036,Australian Institute of Marine Science,IMOS-ATF Heron Island,RECOVERED,2014-07-01 02:45:00,IMOS-ATF Heron Island,VP4,151.93411,-23.43484,,2015-07-02 13:00:00,151.93411,-23.43484,NO
106995681,VR2W-124034,Australian Institute of Marine Science,IMOS-ATF Heron Island,RECOVERED,2014-07-01 02:15:00,IMOS-ATF Heron Island,VP2,151.93216,-23.43432,,2014-07-02 05:05:00,151.93216,-23.43432,NO
106995615,VR2W-125184,Australian Institute of Marine Science,IMOS-ATF Heron Island,RECOVERED,2014-06-30 02:40:00,IMOS-ATF Heron Island,VP14,151.93907,-23.43461,,2014-07-01 03:48:00,151.93907,-23.43461,NO
106995718,VR2W-125183,Australian Institute of Marine Science,IMOS-ATF Heron Island,DEPLOYED,2014-06-30 02:10:00,IMOS-ATF Heron Island,VP13,151.937256,-23.434436,,,,,NO
106995711,VR2W-125182,Australian Institute of Marine Science,IMOS-ATF Heron Island,RECOVERED,2014-06-30 01:50:00,IMOS-ATF Heron Island,VP12,151.935379,-23.43428,,2014-07-01 00:00:00,151.935379,-23.43428,NO
106995708,VR2W-125181,Australian Institute of Marine Science,IMOS-ATF Heron Island,RECOVERED,2014-06-30 01:20:00,IMOS-ATF Heron Island,VP11,151.933296,-23.433922,,2014-06-30 01:21:00,151.933296,-23.433922,NO
106995678,VR2W-124033,Australian Institute of Marine Science,IMOS-ATF Heron Island,DEPLOYED,2014-06-30 00:50:00,IMOS-ATF Heron Island,VP1,151.93268,-23.43274,,,,,NO
106995684,VR2W-124035,Australian Institute of Marine Science,IMOS-ATF Heron Island,DEPLOYED,2014-06-29 06:20:00,IMOS-ATF Heron Island,VP3,151.93465,-23.43311,,,,,NO
106995690,VR2W-124037,Australian Institute of Marine Science,IMOS-ATF Heron Island,DEPLOYED,2014-06-29 05:40:00,IMOS-ATF Heron Island,VP5,151.93658,-23.43338,,,,,NO
106995696,VR2W-124039,Australian Institute of Marine Science,IMOS-ATF Heron Island,DEPLOYED,2014-06-29 04:45:00,IMOS-ATF Heron Island,VP7,151.93854,-23.43366,,,,,NO
106995702,VR2W-124041,Australian Institute of Marine Science,IMOS-ATF Heron Island,DEPLOYED,2014-06-29 04:15:00,IMOS-ATF Heron Island,VP9,151.94048,-23.4338,,,,,NO
106995612,VR2W-124042,Australian Institute of Marine Science,IMOS-ATF Heron Island,RECOVERED,2014-06-25 01:45:00,IMOS-ATF Heron Island,VP0,151.94003,-23.43496,,2014-07-01 03:48:00,151.94003,-23.43496,NO
106995609,VR2W-124040,Australian Institute of Marine Science,IMOS-ATF Heron Island,RECOVERED,2014-06-25 01:05:00,IMOS-ATF Heron Island,VP8,151.93802,-23.43502,,2014-07-01 03:48:00,151.93802,-23.43502,NO
106995603,VR2W-124039,Australian Institute of Marine Science,IMOS-ATF Heron Island,RECOVERED,2014-06-25 00:20:00,IMOS-ATF Heron Island,VP7,151.93854,-23.43366,,2014-06-29 04:44:00,151.93854,-23.43366,NO
106995606,VR2W-124041,Australian Institute of Marine Science,IMOS-ATF Heron Island,RECOVERED,2014-06-24 23:00:00,IMOS-ATF Heron Island,VP9,151.94048,-23.4338,,2014-06-29 04:13:00,151.94048,-23.4338,NO
106995542,VR2W-125184,Australian Institute of Marine Science,IMOS-ATF Heron Island,RECOVERED,2014-06-24 04:10:00,IMOS-ATF Heron Island,VP14,151.93907,-23.43461,,2014-06-24 23:32:00,151.93907,-23.43461,NO
106995539,VR2W-125183,Australian Institute of Marine Science,IMOS-ATF Heron Island,RECOVERED,2014-06-24 03:20:00,IMOS-ATF Heron Island,VP13,151.937256,-23.434436,,2014-06-30 02:09:00,151.937256,-23.434436,NO
106995536,VR2W-125182,Australian Institute of Marine Science,IMOS-ATF Heron Island,RECOVERED,2014-06-24 02:25:00,IMOS-ATF Heron Island,VP12,151.935379,-23.43428,,2014-06-30 01:46:00,151.935379,-23.43428,NO
106995533,VR2W-125181,Australian Institute of Marine Science,IMOS-ATF Heron Island,RECOVERED,2014-06-23 03:40:00,IMOS-ATF Heron Island,VP11,151.933296,-23.433922,,2014-06-30 01:19:00,151.933296,-23.433922,NO
106995573,VR2W-124042,Australian Institute of Marine Science,IMOS-ATF Heron Island,RECOVERED,2014-03-25 02:50:00,IMOS-ATF Heron Island,VP0,151.94003,-23.43496,,2014-06-25 01:43:00,151.94003,-23.43496,NO
106995570,VR2W-124040,Australian Institute of Marine Science,IMOS-ATF Heron Island,RECOVERED,2014-03-25 02:00:00,IMOS-ATF Heron Island,VP8,151.93802,-23.43502,,2014-06-25 01:01:00,151.93802,-23.43502,NO
106007228,VR2W-110633,IMOS Animal Tracking Facility,IMOS-ATF Heron Island,RECOVERED,2014-03-25 01:10:54,IMOS-ATF Heron Island,NE Heron,151.94185,-23.43433,14.0,2014-07-29 03:20:00,151.94185,-23.43433,NO
106995567,VR2W-124041,Australian Institute of Marine Science,IMOS-ATF Heron Island,RECOVERED,2014-03-25 00:25:00,IMOS-ATF Heron Island,VP9,151.94048,-23.4338,,2014-06-24 22:57:00,151.94048,-23.4338,NO
106995564,VR2W-124039,Australian Institute of Marine Science,IMOS-ATF Heron Island,RECOVERED,2014-03-24 23:25:00,IMOS-ATF Heron Island,VP7,151.93854,-23.43366,,2014-06-25 00:16:00,151.93854,-23.43366,NO
106995517,VR2W-124038,Australian Institute of Marine Science,IMOS-ATF Heron Island,RECOVERED,2014-03-23 03:40:00,IMOS-ATF Heron Island,VP6,151.93617,-23.43524,,2014-07-01 03:13:00,151.93617,-23.43524,NO
106995527,VR2W-124040,Australian Institute of Marine Science,IMOS-ATF Heron Island,RECOVERED,2014-03-23 02:45:00,IMOS-ATF Heron Island,VP8,151.93802,-23.43502,,2014-03-25 01:58:00,151.93802,-23.43502,NO
106995499,VR2W-124042,Australian Institute of Marine Science,IMOS-ATF Heron Island,RECOVERED,2014-03-23 02:00:00,IMOS-ATF Heron Island,VP0,151.94003,-23.43496,,2014-03-25 02:46:00,151.94003,-23.43496,NO
106995530,VR2W-124041,Australian Institute of Marine Science,IMOS-ATF Heron Island,RECOVERED,2014-03-23 00:10:00,IMOS-ATF Heron Island,VP9,151.94048,-23.4338,,2014-03-25 00:19:00,151.94048,-23.4338,NO
106995520,VR2W-124039,Australian Institute of Marine Science,IMOS-ATF Heron Island,RECOVERED,2014-03-22 23:20:00,IMOS-ATF Heron Island,VP7,151.93854,-23.43366,,2014-03-24 23:23:33,151.93854,-23.43366,NO
106995511,VR2W-124036,Australian Institute of Marine Science,IMOS-ATF Heron Island,RECOVERED,2014-03-22 05:10:00,IMOS-ATF Heron Island,VP4,151.93411,-23.43484,,2014-07-01 02:40:00,151.93411,-23.43484,NO
106995505,VR2W-124034,Australian Institute of Marine Science,IMOS-ATF Heron Island,RECOVERED,2014-03-22 04:25:00,IMOS-ATF Heron Island,VP2,151.93216,-23.43432,,2014-07-01 02:14:00,151.93216,-23.43432,NO
106995514,VR2W-124037,Australian Institute of Marine Science,IMOS-ATF Heron Island,RECOVERED,2014-03-22 01:15:00,IMOS-ATF Heron Island,VP5,151.93658,-23.43338,,2014-06-29 05:39:00,151.93658,-23.43338,NO
106995508,VR2W-124035,Australian Institute of Marine Science,IMOS-ATF Heron Island,RECOVERED,2014-03-22 00:20:00,IMOS-ATF Heron Island,VP3,151.93465,-23.43311,,2014-06-29 06:19:00,151.93465,-23.43311,NO
106995502,VR2W-124033,Australian Institute of Marine Science,IMOS-ATF Heron Island,RECOVERED,2014-03-21 23:20:00,IMOS-ATF Heron Island,VP1,151.93268,-23.43274,,2014-06-30 00:49:00,151.93268,-23.43274,NO
83276143,VR2W-101759,IMOS Animal Tracking Facility,IMOS-ATF Heron Island,RECOVERED,2014-01-25 05:08:12,IMOS-ATF Heron Island,HER 25,151.92105,-23.44353,2.0,2014-08-01 00:14:00,151.92105,-23.44353,NO
83276146,VR2W-114554,IMOS Animal Tracking Facility,IMOS-ATF Heron Island,RECOVERED,2014-01-25 05:00:00,IMOS-ATF Heron Island,HER 26,151.93344,-23.44721,1.8,2014-08-01 00:27:00,151.93344,-23.44721,NO
83276149,VR2W-106875,IMOS Animal Tracking Facility,IMOS-ATF Heron Island,RECOVERED,2014-01-25 04:43:00,IMOS-ATF Heron Island,HER 27,151.94925,-23.44342,1.5,2014-08-01 00:55:00,151.94925,-23.44342,NO
83276152,VR2W-114553,IMOS Animal Tracking Facility,IMOS-ATF Heron Island,RECOVERED,2014-01-25 04:33:00,IMOS-ATF Heron Island,HER 28,151.96809,-23.44894,2.5,2014-08-01 01:03:00,151.96809,-23.44894,NO
83276158,VR2W-101717,IMOS Animal Tracking Facility,IMOS-ATF Heron Island,RECOVERED,2014-01-25 04:15:00,IMOS-ATF Heron Island,HER 30,151.96498,-23.45711,2.5,2014-08-01 01:33:00,151.96498,-23.45711,NO
83276155,VR2W-106914,IMOS Animal Tracking Facility,IMOS-ATF Heron Island,RECOVERED,2014-01-25 03:46:00,IMOS-ATF Heron Island,HER 29,151.98003,-23.45055,2.6,2014-08-01 01:18:00,151.98003,-23.45055,NO
83276101,VR2W-114570,IMOS Animal Tracking Facility,IMOS-ATF Heron Island,RECOVERED,2014-01-24 04:51:00,IMOS-ATF Heron Island,HER 18,151.91231,-23.44754,15.0,2014-07-31 00:59:00,151.91231,-23.44754,NO
83276089,VR2W-106887,IMOS Animal Tracking Facility,IMOS-ATF Heron Island,RECOVERED,2014-01-24 03:55:00,IMOS-ATF Heron Island,HER 24,151.9807,-23.43666,10.8,2014-07-29 01:23:00,151.9807,-23.43666,NO
83276086,VR2W-114563,IMOS Animal Tracking Facility,IMOS-ATF Heron Island,RECOVERED,2014-01-24 03:36:00,IMOS-ATF Heron Island,HER 23,151.96806,-23.43562,10.6,2014-07-29 02:30:00,151.96806,-23.43562,NO
83276083,VR2W-106879,IMOS Animal Tracking Facility,IMOS-ATF Heron Island,RECOVERED,2014-01-24 03:07:00,IMOS-ATF Heron Island,HER 22,151.95218,-23.42828,11.0,2014-07-29 02:53:00,151.95218,-23.42828,NO
83276107,VR2W-110633,IMOS Animal Tracking Facility,IMOS-ATF Heron Island,RECOVERED,2014-01-24 02:48:00,IMOS-ATF Heron Island,NE Heron,151.94185,-23.43433,14.0,2014-03-25 01:08:36,151.94185,-23.43433,NO
83276095,VR2W-101902,IMOS Animal Tracking Facility,IMOS-ATF Heron Island,RECOVERED,2014-01-24 02:21:00,IMOS-ATF Heron Island,HER 21,151.92682,-23.43282,19.5,2014-07-29 03:56:00,151.92682,-23.43282,NO
83276110,VR2W-106917,IMOS Animal Tracking Facility,IMOS-ATF Heron Island,RECOVERED,2014-01-24 02:14:00,IMOS-ATF Heron Island,NW Heron,151.91539,-23.43442,13.0,2014-07-31 08:47:11,151.91539,-23.43442,NO
83276098,VR2W-113112,IMOS Animal Tracking Facility,IMOS-ATF Heron Island,RECOVERED,2014-01-24 01:40:00,IMOS-ATF Heron Island,HER 20,151.90315,-23.43458,16.8,2014-07-31 00:15:00,151.90315,-23.43458,NO
83276104,VR2W-114550,IMOS Animal Tracking Facility,IMOS-ATF Heron Island,RECOVERED,2014-01-24 01:29:00,IMOS-ATF Heron Island,HER 19,151.89972,-23.43958,9.5,2014-07-31 00:40:00,151.89972,-23.43958,NO
83276092,VR2W-114560,IMOS Animal Tracking Facility,IMOS-ATF Heron Island,RECOVERED,2014-01-24 01:00:00,IMOS-ATF Heron Island,HER 17,151.92249,-23.45487,17.0,2014-07-31 22:50:00,151.92249,-23.45487,NO
83275957,VR2W-114565,IMOS Animal Tracking Facility,IMOS-ATF Heron Island,RECOVERED,2014-01-24 00:40:00,IMOS-ATF Heron Island,HER 16,151.93471,-23.46501,13.8,2014-07-31 01:30:00,151.93471,-23.46501,NO
83275954,VR2W-113985,IMOS Animal Tracking Facility,IMOS-ATF Heron Island,RECOVERED,2014-01-24 00:20:00,IMOS-ATF Heron Island,HER 15,151.94704,-23.47091,16.0,2014-07-31 01:50:00,151.94704,-23.47091,NO
83275960,VR2W-114566,IMOS Animal Tracking Facility,IMOS-ATF Heron Island,RECOVERED,2014-01-24 00:01:00,IMOS-ATF Heron Island,HER 14,151.96519,-23.47367,20.6,2014-07-26 00:00:00,151.96519,-23.47367,NO
83276113,VR2W-106888,IMOS Animal Tracking Facility,IMOS-ATF Heron Island,RECOVERED,2014-01-23 22:38:12,IMOS-ATF Heron Island,S Heron,151.97821,-23.47238,15.0,2014-07-31 08:43:13,151.97821,-23.47238,NO
83002839,VR2W-101729,IMOS Animal Tracking Facility,IMOS-ATF Heron Island,RECOVERED,2014-01-23 04:07:00,IMOS-ATF Heron Island,HER 13,151.99083,-23.46936,16.7,2014-07-31 03:18:00,151.99083,-23.46936,NO
83003392,VR2W-106666,IMOS Animal Tracking Facility,IMOS-ATF Heron Island,RECOVERED,2014-01-23 03:45:00,IMOS-ATF Heron Island,Heron E2,151.99879,-23.45786,6.5,2014-07-31 03:34:00,151.99879,-23.45786,NO
83003386,VR2W-114567,IMOS Animal Tracking Facility,IMOS-ATF Heron Island,RECOVERED,2014-01-23 03:35:00,IMOS-ATF Heron Island,HER 12,151.99947,-23.44943,7.6,2014-07-31 03:45:00,151.99947,-23.44943,NO
83003389,VR2W-114562,IMOS Animal Tracking Facility,IMOS-ATF Heron Island,RECOVERED,2014-01-23 03:12:00,IMOS-ATF Heron Island,Heron E1,151.99969,-23.43712,8.0,2014-07-31 04:13:00,151.99969,-23.43712,NO
83003383,VR2W-106658,IMOS Animal Tracking Facility,IMOS-ATF Heron Island,RECOVERED,2014-01-23 02:49:00,IMOS-ATF Heron Island,HER 11,151.99995,-23.42931,9.0,2014-07-29 10:43:16,151.99995,-23.42931,NO
83002809,VR2W-113984,IMOS Animal Tracking Facility,IMOS-ATF Heron Island,RECOVERED,2014-01-23 02:23:41,IMOS-ATF Heron Island,S5,152.03047,-23.41777,8.0,2014-07-30 09:15:13,152.03047,-23.41777,NO
83002806,VR2W-112757,IMOS Animal Tracking Facility,IMOS-ATF Heron Island,RECOVERED,2014-01-23 01:37:38,IMOS-ATF Heron Island,S4,152.02306,-23.44973,9.0,2014-07-30 09:12:59,152.02306,-23.44973,NO
83002803,VR2W-112755,IMOS Animal Tracking Facility,IMOS-ATF Heron Island,RECOVERED,2014-01-23 01:07:51,IMOS-ATF Heron Island,S3,152.03804,-23.45718,8.0,2014-07-30 09:17:57,152.03804,-23.45718,NO
83002800,VR2W-112759,IMOS Animal Tracking Facility,IMOS-ATF Heron Island,RECOVERED,2014-01-23 00:29:36,IMOS-ATF Heron Island,S2,152.03952,-23.43652,9.0,2014-07-30 09:24:09,152.03952,-23.43652,NO
83002797,VR2W-112758,IMOS Animal Tracking Facility,IMOS-ATF Heron Island,RECOVERED,2014-01-22 23:55:07,IMOS-ATF Heron Island,S1,152.05516,-23.41504,9.0,2014-07-30 09:16:53,152.05516,-23.41504,NO
62647401,VR2W-113982,IMOS Animal Tracking Facility,IMOS-ATF Heron Island,RECOVERED,2013-07-06 22:53:00,IMOS-ATF Heron Island,HER 18,151.91231,-23.44754,15.0,2014-01-24 04:51:00,151.91231,-23.44754,NO
62647389,VR2W-101759,IMOS Animal Tracking Facility,IMOS-ATF Heron Island,RECOVERED,2013-07-06 22:27:00,IMOS-ATF Heron Island,HER 25,151.92105,-23.44353,1.5,2014-01-25 04:58:12,151.92105,-23.44353,NO
62647383,VR2W-114554,IMOS Animal Tracking Facility,IMOS-ATF Heron Island,RECOVERED,2013-07-06 22:15:00,IMOS-ATF Heron Island,HER 26,151.93344,-23.44721,1.2,2014-01-25 04:52:09,151.93344,-23.44721,NO
62635155,VR2W-106875,IMOS Animal Tracking Facility,IMOS-ATF Heron Island,RECOVERED,2013-07-06 21:59:00,IMOS-ATF Heron Island,HER 27,151.94925,-23.44342,1.0,2014-01-25 04:43:00,151.94925,-23.44342,NO
62647413,VR2W-114553,IMOS Animal Tracking Facility,IMOS-ATF Heron Island,RECOVERED,2013-07-06 21:46:00,IMOS-ATF Heron Island,HER 28,151.96809,-23.44894,2.3,2014-01-25 04:25:26,151.96809,-23.44894,NO
62647395,VR2W-101717,IMOS Animal Tracking Facility,IMOS-ATF Heron Island,RECOVERED,2013-07-06 21:36:00,IMOS-ATF Heron Island,HER 30,151.96498,-23.45711,2.5,2014-01-25 04:05:00,151.96498,-23.45711,NO
62647406,VR2W-106914,IMOS Animal Tracking Facility,IMOS-ATF Heron Island,RECOVERED,2013-07-06 21:20:00,IMOS-ATF Heron Island,HER 29,151.98003,-23.45055,2.6,2014-01-25 03:36:00,151.98003,-23.45055,NO
62627954,VR2W-106902,IMOS Animal Tracking Facility,IMOS-ATF Heron Island,RECOVERED,2013-07-06 05:02:00,IMOS-ATF Heron Island,HER 24,151.9807,-23.43666,10.8,2014-08-14 07:25:06,151.9807,-23.43666,NO
62627965,VR2W-101835,IMOS Animal Tracking Facility,IMOS-ATF Heron Island,RECOVERED,2013-07-06 04:45:00,IMOS-ATF Heron Island,HER 23,151.96806,-23.43562,10.6,2014-01-24 03:36:00,151.96806,-23.43562,NO
62647368,VR2W-101335,IMOS Animal Tracking Facility,IMOS-ATF Heron Island,RECOVERED,2013-07-06 04:09:00,IMOS-ATF Heron Island,HER 22,151.95218,-23.42828,11.0,2014-01-24 03:07:00,151.95218,-23.42828,NO
62627940,VR2W-113133,IMOS Animal Tracking Facility,IMOS-ATF Heron Island,RECOVERED,2013-07-06 03:50:00,IMOS-ATF Heron Island,NE Heron,151.94185,-23.43433,14.0,2014-01-24 02:48:00,151.94185,-23.43433,NO
62531636,VR2W-106874,IMOS Animal Tracking Facility,IMOS-ATF Heron Island,RECOVERED,2013-07-06 03:08:01,IMOS-ATF Heron Island,NW Heron,151.91539,-23.43442,13.0,2014-01-24 02:14:00,151.91539,-23.43442,NO
62647364,VR2W-101878,IMOS Animal Tracking Facility,IMOS-ATF Heron Island,RECOVERED,2013-07-06 03:07:00,IMOS-ATF Heron Island,HER 21,151.92682,-23.43282,19.5,2015-01-19 10:29:30,151.92682,-23.43282,NO
62647386,VR2W-107710,IMOS Animal Tracking Facility,IMOS-ATF Heron Island,RECOVERED,2013-07-06 02:49:00,IMOS-ATF Heron Island,HER 19,151.89972,-23.43958,9.5,2014-01-24 01:29:00,151.89972,-23.43958,NO
62647392,VR2W-101715,IMOS Animal Tracking Facility,IMOS-ATF Heron Island,RECOVERED,2013-07-06 02:28:00,IMOS-ATF Heron Island,HER 20,151.90315,-23.43458,16.8,2014-01-24 01:40:00,151.90315,-23.43458,NO
62647380,VR2W-106863,IMOS Animal Tracking Facility,IMOS-ATF Heron Island,RECOVERED,2013-07-06 02:04:00,IMOS-ATF Heron Island,HER 17,151.92249,-23.45487,17.0,2014-01-24 01:00:00,151.92249,-23.45487,NO
62647377,VR2W-106869,IMOS Animal Tracking Facility,IMOS-ATF Heron Island,RECOVERED,2013-07-06 01:44:00,IMOS-ATF Heron Island,HER 16,151.93471,-23.46501,13.8,2014-01-24 00:40:00,151.93471,-23.46501,NO
62647374,VR2W-106883,IMOS Animal Tracking Facility,IMOS-ATF Heron Island,RECOVERED,2013-07-06 01:21:00,IMOS-ATF Heron Island,HER 15,151.94704,-23.47091,16.0,2014-01-24 00:20:00,151.94704,-23.47091,NO
62647371,VR2W-113983,IMOS Animal Tracking Facility,IMOS-ATF Heron Island,RECOVERED,2013-07-06 01:00:00,IMOS-ATF Heron Island,HER 14,151.96519,-23.47367,20.6,2014-01-24 00:01:00,151.96519,-23.47367,NO
82970569,VR2W-112757,IMOS Animal Tracking Facility,IMOS-ATF Heron Island,RECOVERED,2013-07-06 00:35:00,IMOS-ATF Heron Island,S4,152.02306,-23.44973,7.0,2014-01-23 01:37:38,152.02306,-23.44973,NO
62628029,VR2W-113984,IMOS Animal Tracking Facility,IMOS-ATF Heron Island,RECOVERED,2013-07-05 23:42:00,IMOS-ATF Heron Island,S5,152.03047,-23.41777,9.0,2014-01-23 02:17:12,152.03047,-23.41777,NO
62628004,VR2W-112758,IMOS Animal Tracking Facility,IMOS-ATF Heron Island,RECOVERED,2013-07-05 23:10:00,IMOS-ATF Heron Island,S1,152.05516,-23.41504,8.0,2014-01-22 23:45:07,152.05516,-23.41504,NO
62628011,VR2W-112759,IMOS Animal Tracking Facility,IMOS-ATF Heron Island,RECOVERED,2013-07-05 22:50:00,IMOS-ATF Heron Island,S2,152.03952,-23.43652,15.0,2014-01-23 00:19:36,152.03952,-23.43652,NO
62628018,VR2W-112755,IMOS Animal Tracking Facility,IMOS-ATF Heron Island,RECOVERED,2013-07-05 22:30:00,IMOS-ATF Heron Island,S3,152.03804,-23.45718,8.0,2014-01-23 00:57:51,152.03804,-23.45718,NO
62637164,VR2W-101801,IMOS Animal Tracking Facility,IMOS-ATF Heron Island,RECOVERED,2013-07-05 05:05:00,IMOS-ATF Heron Island,S Heron,151.97821,-23.47238,15.0,2014-01-23 23:38:00,151.97821,-23.47238,NO
62627993,VR2W-113112,IMOS Animal Tracking Facility,IMOS-ATF Heron Island,RECOVERED,2013-07-05 04:44:00,IMOS-ATF Heron Island,HER 13,151.99083,-23.46936,16.7,2014-01-23 04:07:00,151.99083,-23.46936,NO
62121111,VR2W-106896,IMOS Animal Tracking Facility,IMOS-ATF Heron Island,RECOVERED,2013-07-05 04:30:00,IMOS-ATF Heron Island,Heron E2,151.99879,-23.45786,6.5,2014-01-23 03:45:00,151.99879,-23.45786,NO
62635158,VR2W-106887,IMOS Animal Tracking Facility,IMOS-ATF Heron Island,RECOVERED,2013-07-05 04:15:00,IMOS-ATF Heron Island,HER 12,151.99947,-23.44943,7.6,2014-01-23 03:30:00,151.99947,-23.44943,NO
62641167,VR2W-106879,IMOS Animal Tracking Facility,IMOS-ATF Heron Island,RECOVERED,2013-07-05 04:05:00,IMOS-ATF Heron Island,Heron E1,151.99969,-23.43712,8.0,2014-01-23 03:12:00,151.99969,-23.43712,NO
62627943,VR2W-106917,IMOS Animal Tracking Facility,IMOS-ATF Heron Island,RECOVERED,2013-07-05 03:56:00,IMOS-ATF Heron Island,HER 11,151.99995,-23.42931,9.0,2014-01-23 22:13:06,151.99995,-23.42931,NO
43110739,VR2W-113984,IMOS Animal Tracking Facility,IMOS-ATF Heron Island,RECOVERED,2013-01-19 23:05:00,IMOS-ATF Heron Island,S5,152.03047,-23.41762,9.0,2013-07-05 23:32:00,152.03047,-23.41762,NO
43110727,VR2W-112755,IMOS Animal Tracking Facility,IMOS-ATF Heron Island,RECOVERED,2013-01-19 01:07:37,IMOS-ATF Heron Island,S3,152.03804,-23.45718,8.0,2013-07-05 08:53:38,152.03804,-23.45718,NO
43110730,VR2W-112759,IMOS Animal Tracking Facility,IMOS-ATF Heron Island,RECOVERED,2013-01-19 00:35:00,IMOS-ATF Heron Island,S2,152.03952,-23.43652,15.0,2013-07-05 22:40:00,152.03952,-23.43652,NO
43110736,VR2W-112758,IMOS Animal Tracking Facility,IMOS-ATF Heron Island,RECOVERED,2013-01-18 23:58:58,IMOS-ATF Heron Island,S1,152.05516,-23.41504,9.0,2013-07-05 23:00:00,152.05516,-23.41504,NO
43110733,VR2W-112757,IMOS Animal Tracking Facility,IMOS-ATF Heron Island,RECOVERED,2013-01-18 22:27:25,IMOS-ATF Heron Island,S4,152.02306,-23.44973,9.0,2013-07-06 00:57:37,152.02306,-23.44973,NO
43110724,VR2W-106880,IMOS Animal Tracking Facility,IMOS-ATF Heron Island,RECOVERED,2013-01-17 03:17:00,IMOS-ATF Heron Island,HER 18,151.91231,-23.44754,15.0,2013-07-06 22:53:00,151.91231,-23.44754,NO
43110715,VR2W-106914,IMOS Animal Tracking Facility,IMOS-ATF Heron Island,RECOVERED,2013-01-17 02:06:12,IMOS-ATF Heron Island,HER 20,151.90315,-23.43458,16.8,2013-07-06 09:18:37,151.90315,-23.43458,NO
43110721,VR2W-114554,IMOS Animal Tracking Facility,IMOS-ATF Heron Island,RECOVERED,2013-01-17 00:16:15,IMOS-ATF Heron Island,NW Heron,151.91539,-23.43442,13.0,2013-07-06 09:17:31,151.91539,-23.43442,NO
43110718,VR2W-101717,IMOS Animal Tracking Facility,IMOS-ATF Heron Island,RECOVERED,2013-01-16 23:48:00,IMOS-ATF Heron Island,HER 21,151.92682,-23.43282,19.5,2013-07-06 09:15:37,151.92682,-23.43282,NO
43110699,VR2W-106875,IMOS Animal Tracking Facility,IMOS-ATF Heron Island,RECOVERED,2013-01-16 23:30:00,IMOS-ATF Heron Island,NE Heron,151.94185,-23.43433,14.0,2013-07-06 09:22:03,151.94185,-23.43433,NO
43110708,VR2W-114577,IMOS Animal Tracking Facility,IMOS-ATF Heron Island,RECOVERED,2013-01-16 22:47:00,IMOS-ATF Heron Island,HER 22,151.95218,-23.42828,11.0,2013-07-06 04:09:00,151.95218,-23.42828,NO
43110705,VR2W-114553,IMOS Animal Tracking Facility,IMOS-ATF Heron Island,RECOVERED,2013-01-16 22:19:00,IMOS-ATF Heron Island,HER 23,151.96806,-23.43562,10.6,2013-07-06 09:19:43,151.96806,-23.43562,NO
43699098,VR2W-101820,IMOS Animal Tracking Facility,IMOS-ATF Heron Island,RECOVERED,2013-01-16 03:41:00,IMOS-ATF Heron Island,HER 17,151.92249,-23.45487,17.0,2013-08-11 23:55:00,151.92249,-23.45487,NO
43110666,VR2W-101759,IMOS Animal Tracking Facility,IMOS-ATF Heron Island,RECOVERED,2013-01-16 03:25:00,IMOS-ATF Heron Island,HER 16,151.93471,-23.46501,13.8,2013-07-06 09:20:55,151.93471,-23.46501,NO
43110663,VR2W-114538,IMOS Animal Tracking Facility,IMOS-ATF Heron Island,RECOVERED,2013-01-16 02:45:00,IMOS-ATF Heron Island,HER 15,151.94704,-23.47091,16.0,2013-07-06 01:21:00,151.94704,-23.47091,NO
43110678,VR2W-101715,IMOS Animal Tracking Facility,IMOS-ATF Heron Island,RECOVERED,2013-01-16 01:32:00,IMOS-ATF Heron Island,S Heron,151.97821,-23.47238,15.0,2013-07-05 05:05:00,151.97821,-23.47238,NO
43699101,VR2W-101835,IMOS Animal Tracking Facility,IMOS-ATF Heron Island,RECOVERED,2013-01-16 00:57:00,IMOS-ATF Heron Island,HER 13,151.99083,-23.46936,16.7,2013-07-05 04:44:00,151.99083,-23.46936,NO
43110675,VR2W-106863,IMOS Animal Tracking Facility,IMOS-ATF Heron Island,RECOVERED,2013-01-16 00:22:00,IMOS-ATF Heron Island,Heron E2,151.99879,-23.45786,9.5,2013-07-05 04:30:00,151.99879,-23.45786,NO
43110744,VR2W-107710,IMOS Animal Tracking Facility,IMOS-ATF Heron Island,RECOVERED,2013-01-15 23:59:00,IMOS-ATF Heron Island,HER 12,151.99947,-23.44943,7.6,2013-07-05 04:15:00,151.99947,-23.44943,NO
62120561,VR2W-101878,IMOS Animal Tracking Facility,IMOS-ATF Heron Island,RECOVERED,2013-01-15 23:35:00,IMOS-ATF Heron Island,Heron E1,151.99969,-23.43712,8.0,2013-07-05 08:40:05,151.99969,-23.43712,NO
43110669,VR2W-113133,IMOS Animal Tracking Facility,IMOS-ATF Heron Island,RECOVERED,2013-01-15 23:08:00,IMOS-ATF Heron Island,HER 11,151.99995,-23.42931,9.0,2013-07-05 03:56:00,151.99995,-23.42931,NO
43110672,VR2W-114530,IMOS Animal Tracking Facility,IMOS-ATF Heron Island,RECOVERED,2013-01-15 22:48:00,IMOS-ATF Heron Island,HER 24,151.9807,-23.43666,10.8,2013-07-06 05:02:00,151.9807,-23.43666,NO
43699152,VR2W-101852,IMOS Animal Tracking Facility,IMOS-ATF Heron Island,RECOVERED,2013-01-15 04:31:13,IMOS-ATF Heron Island,HER 19,151.89972,-23.43958,9.5,2013-08-12 11:25:11,151.89972,-23.43958,NO
43110681,VR2W-101778,IMOS Animal Tracking Facility,IMOS-ATF Heron Island,RECOVERED,2013-01-15 02:38:00,IMOS-ATF Heron Island,HER 14,151.96519,-23.47367,20.6,2013-07-06 01:00:00,151.96519,-23.47367,NO
43110684,VR2W-106913,IMOS Animal Tracking Facility,IMOS-ATF Heron Island,RECOVERED,2013-01-14 23:40:00,IMOS-ATF Heron Island,HER 29,151.98003,-23.45055,2.6,2013-08-12 11:20:03,151.98003,-23.45055,NO
43110696,VR2W-106916,IMOS Animal Tracking Facility,IMOS-ATF Heron Island,RECOVERED,2013-01-14 23:24:00,IMOS-ATF Heron Island,HER 28,151.96809,-23.44894,2.3,2013-07-06 21:46:00,151.96809,-23.44894,NO
43110693,VR2W-106873,IMOS Animal Tracking Facility,IMOS-ATF Heron Island,RECOVERED,2013-01-14 23:15:00,IMOS-ATF Heron Island,HER 30,151.96498,-23.45711,2.5,2014-02-21 07:40:07,151.96498,-23.45711,NO
43110690,VR2W-106892,IMOS Animal Tracking Facility,IMOS-ATF Heron Island,RECOVERED,2013-01-14 22:50:00,IMOS-ATF Heron Island,HER 27,151.94925,-23.44342,1.0,2013-08-12 11:44:11,151.94925,-23.44342,NO
43110687,VR2W-106894,IMOS Animal Tracking Facility,IMOS-ATF Heron Island,RECOVERED,2013-01-14 22:33:00,IMOS-ATF Heron Island,HER 26,151.93344,-23.44721,1.2,2013-08-12 09:52:43,151.93344,-23.44721,NO
43110702,VR2W-106872,IMOS Animal Tracking Facility,IMOS-ATF Heron Island,RECOVERED,2013-01-14 22:12:29,IMOS-ATF Heron Island,HER 25,151.92105,-23.44353,1.5,2013-08-12 11:34:08,151.92105,-23.44353,NO
43110581,VR2W-112757,IMOS Animal Tracking Facility,IMOS-ATF Heron Island,RECOVERED,2012-07-11 05:05:00,IMOS-ATF Heron Island,S4,152.03804,-23.45718,8.0,2013-01-18 22:27:00,152.03804,-23.45718,NO
43110584,VR2W-112756,IMOS Animal Tracking Facility,IMOS-ATF Heron Island,LOST,2012-07-11 04:22:00,IMOS-ATF Heron Island,S5,152.03047,-23.41777,8.0,2013-01-18 23:05:00,152.03047,-23.41777,NO
43110572,VR2W-112758,IMOS Animal Tracking Facility,IMOS-ATF Heron Island,RECOVERED,2012-07-11 03:53:55,IMOS-ATF Heron Island,S1,152.05516,-23.41504,8.0,2013-01-18 23:48:58,152.05516,-23.41504,NO
43110575,VR2W-112759,IMOS Animal Tracking Facility,IMOS-ATF Heron Island,RECOVERED,2012-07-11 03:27:00,IMOS-ATF Heron Island,S2,152.03952,-23.43652,8.0,2013-01-19 00:25:00,152.03952,-23.43652,NO
43110578,VR2W-112755,IMOS Animal Tracking Facility,IMOS-ATF Heron Island,RECOVERED,2012-07-11 03:01:00,IMOS-ATF Heron Island,S3,152.03804,-23.45718,8.0,2013-01-19 00:57:37,152.03804,-23.45718,NO
3566911,VR2W-106874,IMOS Animal Tracking Facility,IMOS-ATF Heron Island,RECOVERED,2012-07-09 01:32:00,IMOS-ATF Heron Island,HER 14,151.96519,-23.47367,20.6,2013-01-15 02:38:00,151.96519,-23.47367,NO
3566986,VR2W-114553,IMOS Animal Tracking Facility,IMOS-ATF Heron Island,RECOVERED,2012-07-09 01:12:00,IMOS-ATF Heron Island,S Heron,151.97821,-23.47238,15.0,2013-01-16 07:34:13,151.97821,-23.47238,NO
3566905,VR2W-114554,IMOS Animal Tracking Facility,IMOS-ATF Heron Island,RECOVERED,2012-07-09 00:48:00,IMOS-ATF Heron Island,HER 13,151.99083,-23.46936,16.7,2013-01-16 07:21:24,151.99083,-23.46936,NO
3566971,VR2W-106875,IMOS Animal Tracking Facility,IMOS-ATF Heron Island,RECOVERED,2012-07-09 00:32:00,IMOS-ATF Heron Island,Heron E2,151.99879,-23.45786,6.5,2013-01-16 07:39:01,151.99879,-23.45786,NO
3566915,VR2W-113984,IMOS Animal Tracking Facility,IMOS-ATF Heron Island,RECOVERED,2012-07-09 00:17:00,IMOS-ATF Heron Island,HER 12,151.99947,-23.44943,7.6,2013-01-16 07:43:42,151.99947,-23.44943,NO
3566963,VR2W-114577,IMOS Animal Tracking Facility,IMOS-ATF Heron Island,RECOVERED,2012-07-08 23:58:00,IMOS-ATF Heron Island,Heron E1,151.99969,-23.43712,8.0,2013-01-15 23:35:00,151.99969,-23.43712,NO
3566949,VR2W-113982,IMOS Animal Tracking Facility,IMOS-ATF Heron Island,RECOVERED,2012-07-08 03:57:00,IMOS-ATF Heron Island,HER 18,151.91231,-23.44754,15.0,2013-01-17 03:17:00,151.91231,-23.44754,NO
3566935,VR2W-113112,IMOS Animal Tracking Facility,IMOS-ATF Heron Island,RECOVERED,2012-07-08 03:34:00,IMOS-ATF Heron Island,HER 17,151.92249,-23.45487,17.0,2013-01-16 03:41:00,151.92249,-23.45487,NO
3566785,VR2W-106914,IMOS Animal Tracking Facility,IMOS-ATF Heron Island,RECOVERED,2012-07-08 03:15:00,IMOS-ATF Heron Island,HER 16,151.93471,-23.46501,14.0,2013-01-16 07:25:41,151.93471,-23.46501,NO
3566784,VR2W-106869,IMOS Animal Tracking Facility,IMOS-ATF Heron Island,RECOVERED,2012-07-08 02:58:00,IMOS-ATF Heron Island,HER 15,151.94704,-23.47091,16.0,2013-01-16 02:45:00,151.94704,-23.47091,NO
3566913,VR2W-101717,IMOS Animal Tracking Facility,IMOS-ATF Heron Island,RECOVERED,2012-07-08 01:43:00,IMOS-ATF Heron Island,HER 11,151.99995,-23.42931,9.0,2013-01-16 07:16:42,151.99995,-23.42931,NO
3566929,VR2W-106880,IMOS Animal Tracking Facility,IMOS-ATF Heron Island,RECOVERED,2012-07-08 01:25:00,IMOS-ATF Heron Island,HER 24,151.9807,-23.43666,10.8,2013-01-15 22:48:00,151.9807,-23.43666,NO
3566920,VR2W-106879,IMOS Animal Tracking Facility,IMOS-ATF Heron Island,RECOVERED,2012-07-08 01:22:00,IMOS-ATF Heron Island,HER 23,151.96806,-23.43562,10.6,2013-01-16 22:19:00,151.96806,-23.43562,NO
3566981,VR2W-106883,IMOS Animal Tracking Facility,IMOS-ATF Heron Island,RECOVERED,2012-07-08 01:18:00,IMOS-ATF Heron Island,NW Heron,151.91539,-23.43442,13.0,2013-01-17 06:48:39,151.91539,-23.43442,NO
3566916,VR2W-101729,IMOS Animal Tracking Facility,IMOS-ATF Heron Island,RECOVERED,2012-07-08 00:42:00,IMOS-ATF Heron Island,HER 22,151.95218,-23.42828,11.0,2013-01-16 22:47:00,151.95218,-23.42828,NO
3566977,VR2W-101335,IMOS Animal Tracking Facility,IMOS-ATF Heron Island,RECOVERED,2012-07-08 00:24:00,IMOS-ATF Heron Island,NE Heron,151.94185,-23.43433,14.0,2013-01-16 23:30:00,151.94185,-23.43433,NO
3566938,VR2W-106896,IMOS Animal Tracking Facility,IMOS-ATF Heron Island,RECOVERED,2012-07-08 00:06:00,IMOS-ATF Heron Island,HER 21,151.92682,-23.43282,19.5,2013-01-16 23:48:00,151.92682,-23.43282,NO
3566943,VR2W-106888,IMOS Animal Tracking Facility,IMOS-ATF Heron Island,RECOVERED,2012-07-07 23:20:00,IMOS-ATF Heron Island,HER 20,151.90315,-23.43458,16.8,2013-01-17 07:15:47,151.90315,-23.43458,NO
3566958,VR2W-113983,IMOS Animal Tracking Facility,IMOS-ATF Heron Island,RECOVERED,2012-07-07 23:03:00,IMOS-ATF Heron Island,HER 19,151.89972,-23.43958,9.5,2013-01-15 03:43:00,151.89972,-23.43958,NO
3566781,VR2W-106916,IMOS Animal Tracking Facility,IMOS-ATF Heron Island,RECOVERED,2012-07-04 23:15:00,IMOS-ATF Heron Island,HER 28,151.96809,-23.44894,2.5,2013-01-14 23:14:00,151.96809,-23.44894,NO
3566782,VR2W-106913,IMOS Animal Tracking Facility,IMOS-ATF Heron Island,RECOVERED,2012-07-04 23:15:00,IMOS-ATF Heron Island,HER 29,151.98003,-23.45055,3.0,2013-01-14 23:30:00,151.98003,-23.45055,NO
3566783,VR2W-106873,IMOS Animal Tracking Facility,IMOS-ATF Heron Island,RECOVERED,2012-07-04 22:50:00,IMOS-ATF Heron Island,HER 30,151.96498,-23.45711,3.0,2013-01-14 23:05:00,151.96498,-23.45711,NO
3566780,VR2W-106892,IMOS Animal Tracking Facility,IMOS-ATF Heron Island,RECOVERED,2012-07-03 22:14:00,IMOS-ATF Heron Island,HER 27,151.94925,-23.44342,1.5,2013-01-14 22:40:00,151.94925,-23.44342,NO
3566777,VR2W-106894,IMOS Animal Tracking Facility,IMOS-ATF Heron Island,RECOVERED,2012-07-03 21:35:00,IMOS-ATF Heron Island,HER 26,151.93344,-23.44721,2.0,2013-01-14 22:23:00,151.93344,-23.44721,NO
3566774,VR2W-106872,IMOS Animal Tracking Facility,IMOS-ATF Heron Island,RECOVERED,2012-07-03 05:42:00,IMOS-ATF Heron Island,HER 25,151.92105,-23.44353,2.0,2013-01-14 22:02:29,151.92105,-23.44353,NO
2911709,VR2W-112757,IMOS Animal Tracking Facility,IMOS-ATF Heron Island,RECOVERED,2012-03-22 01:20:00,IMOS-ATF Heron Island,S4,152.02306,-23.44973,10.0,2012-07-11 04:55:00,152.02306,-23.44973,NO
2911708,VR2W-112755,IMOS Animal Tracking Facility,IMOS-ATF Heron Island,RECOVERED,2012-03-22 00:30:00,IMOS-ATF Heron Island,S3,152.03804,-23.45718,9.0,2012-07-11 02:51:00,152.03804,-23.45718,NO
2911707,VR2W-112759,IMOS Animal Tracking Facility,IMOS-ATF Heron Island,RECOVERED,2012-03-21 23:50:00,IMOS-ATF Heron Island,S2,152.03952,-23.43652,10.0,2012-07-11 03:17:00,152.03952,-23.43652,NO
2911706,VR2W-112758,IMOS Animal Tracking Facility,IMOS-ATF Heron Island,RECOVERED,2012-03-21 23:00:00,IMOS-ATF Heron Island,S1,152.05516,-23.41504,10.0,2012-07-11 03:43:55,152.05516,-23.41504,NO
2911710,VR2W-112756,IMOS Animal Tracking Facility,IMOS-ATF Heron Island,RECOVERED,2012-03-21 22:00:00,IMOS-ATF Heron Island,S5,152.03047,-23.41777,9.0,2012-07-10 23:55:00,152.03047,-23.41777,NO
2917350,VR2W-106872,IMOS Animal Tracking Facility,IMOS-ATF Heron Island,RECOVERED,2012-03-20 03:51:00,IMOS-ATF Heron Island,HER 25,151.92105,-23.44353,1.5,2012-07-03 05:32:00,151.92105,-23.44353,NO
2240616,VR2W-101796,IMOS Animal Tracking Facility,IMOS-ATF Heron Island,RECOVERED,2012-03-19 23:34:00,IMOS-ATF Heron Island,HER 18,151.91231,-23.44754,15.0,2012-07-08 03:57:00,151.91231,-23.44754,NO
2240602,VR2W-106873,IMOS Animal Tracking Facility,IMOS-ATF Heron Island,RECOVERED,2012-03-19 22:41:00,IMOS-ATF Heron Island,HER 30,151.96498,-23.45711,2.5,2012-07-04 22:40:00,151.96498,-23.45711,NO
2240613,VR2W-106894,IMOS Animal Tracking Facility,IMOS-ATF Heron Island,RECOVERED,2012-03-19 22:15:00,IMOS-ATF Heron Island,HER 26,151.93344,-23.44721,1.2,2012-07-03 21:25:00,151.93344,-23.44721,NO
2240607,VR2W-106892,IMOS Animal Tracking Facility,IMOS-ATF Heron Island,RECOVERED,2012-03-19 21:57:00,IMOS-ATF Heron Island,HER 27,151.94925,-23.44342,1.0,2012-07-03 22:04:00,151.94925,-23.44342,NO
2240610,VR2W-106916,IMOS Animal Tracking Facility,IMOS-ATF Heron Island,RECOVERED,2012-03-19 21:23:00,IMOS-ATF Heron Island,HER 28,151.96809,-23.44894,2.3,2012-07-04 23:05:00,151.96809,-23.44894,NO
2917344,VR2W-106913,IMOS Animal Tracking Facility,IMOS-ATF Heron Island,RECOVERED,2012-03-19 21:04:00,IMOS-ATF Heron Island,HER 29,151.98003,-23.45055,2.6,2012-07-04 22:45:50,151.98003,-23.45055,NO
2240627,VR2W-111253,IMOS Animal Tracking Facility,IMOS-ATF Heron Island,RECOVERED,2012-03-17 10:10:00,IMOS-ATF Heron Island,HER 19,151.89972,-23.43958,9.5,2012-07-07 23:03:00,151.89972,-23.43958,NO
2240619,VR2W-101787,IMOS Animal Tracking Facility,IMOS-ATF Heron Island,RECOVERED,2012-03-17 09:15:00,IMOS-ATF Heron Island,HER 16,151.93471,-23.46501,13.8,2012-07-08 03:15:00,151.93471,-23.46501,NO
2240623,VR2W-113984,IMOS Animal Tracking Facility,IMOS-ATF Heron Island,RECOVERED,2012-03-17 08:40:00,IMOS-ATF Heron Island,HER 17,151.92249,-23.45487,17.0,2012-07-08 08:02:36,151.92249,-23.45487,NO
2816081,VR2W-106881,IMOS Animal Tracking Facility,IMOS-ATF Heron Island,RECOVERED,2012-03-17 02:37:00,IMOS-ATF Heron Island,Heron E2,151.99879,-23.45786,6.5,2012-07-09 00:32:00,151.99879,-23.45786,NO
2240563,VR2W-106900,IMOS Animal Tracking Facility,IMOS-ATF Heron Island,RECOVERED,2012-03-17 02:25:00,IMOS-ATF Heron Island,HER 12,151.99947,-23.44943,7.6,2012-07-09 00:17:00,151.99947,-23.44943,NO
2240637,VR2W-101749,IMOS Animal Tracking Facility,IMOS-ATF Heron Island,RECOVERED,2012-03-17 02:12:00,IMOS-ATF Heron Island,Heron E1,151.99969,-23.43712,8.0,2012-07-08 23:58:00,151.99969,-23.43712,NO
2240567,VR2W-106875,IMOS Animal Tracking Facility,IMOS-ATF Heron Island,RECOVERED,2012-03-17 01:51:00,IMOS-ATF Heron Island,HER 11,151.99995,-23.42931,9.0,2012-07-08 07:59:22,151.99995,-23.42931,NO
3232108,VR2W-106874,IMOS Animal Tracking Facility,IMOS-ATF Heron Island,RECOVERED,2012-03-17 00:34:50,IMOS-ATF Heron Island,HER 15,151.94704,-23.47091,16.0,2012-07-08 02:58:00,151.94704,-23.47091,NO
2917348,VR2W-106667,IMOS Animal Tracking Facility,IMOS-ATF Heron Island,RECOVERED,2012-03-16 23:39:30,IMOS-ATF Heron Island,HER 14,151.96519,-23.47367,20.6,2012-07-09 01:32:00,151.96519,-23.47367,NO
2240570,VR2W-101707,IMOS Animal Tracking Facility,IMOS-ATF Heron Island,RECOVERED,2012-03-16 23:26:00,IMOS-ATF Heron Island,HER 13,151.99083,-23.46936,16.7,2012-07-09 00:48:00,151.99083,-23.46936,NO
2816106,VR2W-106891,IMOS Animal Tracking Facility,IMOS-ATF Heron Island,RECOVERED,2012-03-16 23:13:46,IMOS-ATF Heron Island,S Heron,151.9781,-23.47236,15.0,2012-08-25 13:01:26,151.9781,-23.47236,NO
2240538,VR2W-114555,IMOS Animal Tracking Facility,IMOS-ATF Heron Island,RECOVERED,2012-03-16 18:36:00,IMOS-ATF Heron Island,HER 24,151.9807,-23.43666,10.8,2012-07-08 01:25:00,151.9807,-23.43666,NO
2240559,VR2W-114581,IMOS Animal Tracking Facility,IMOS-ATF Heron Island,RECOVERED,2012-03-16 00:00:12,IMOS-ATF Heron Island,HER 21,151.92682,-23.43282,19.5,2012-07-08 00:06:00,151.92682,-23.43282,NO
2816089,VR2W-114553,IMOS Animal Tracking Facility,IMOS-ATF Heron Island,RECOVERED,2012-03-15 23:40:30,IMOS-ATF Heron Island,NW Heron,151.91522,-23.4343,13.0,2012-07-08 07:55:42,151.91539,-23.43442,NO
2240546,VR2W-114582,IMOS Animal Tracking Facility,IMOS-ATF Heron Island,RECOVERED,2012-03-15 23:15:00,IMOS-ATF Heron Island,HER 23,151.96806,-23.43562,10.6,2012-07-08 01:22:00,151.96806,-23.43562,NO
2240551,VR2W-114577,IMOS Animal Tracking Facility,IMOS-ATF Heron Island,RECOVERED,2012-03-15 22:40:00,IMOS-ATF Heron Island,HER 22,151.95232,-23.42818,11.0,2012-07-08 00:42:00,151.95232,-23.42818,NO
2240555,VR2W-114539,IMOS Animal Tracking Facility,IMOS-ATF Heron Island,RECOVERED,2012-03-15 22:20:00,IMOS-ATF Heron Island,HER 20,151.90315,-23.43458,16.8,2012-07-07 23:20:00,151.90315,-23.43458,NO
2240553,VR2W-101707,IMOS Animal Tracking Facility,IMOS-ATF Heron Island,RECOVERED,2011-08-19 04:47:00,IMOS-ATF Heron Island,HER 20,151.90315,-23.43458,16.8,2012-03-15 22:20:00,151.90315,-23.43458,NO
2240614,VR2W-106897,IMOS Animal Tracking Facility,IMOS-ATF Heron Island,RECOVERED,2011-08-19 04:08:00,IMOS-ATF Heron Island,HER 18,151.91231,-23.44754,15.0,2012-03-19 23:34:00,151.91231,-23.44754,NO
2240620,VR2W-106881,IMOS Animal Tracking Facility,IMOS-ATF Heron Island,RECOVERED,2011-08-18 04:20:00,IMOS-ATF Heron Island,HER 17,151.92249,-23.45487,17.0,2012-03-16 22:40:00,151.92249,-23.45487,NO
2240617,VR2W-101749,IMOS Animal Tracking Facility,IMOS-ATF Heron Island,RECOVERED,2011-08-18 03:08:00,IMOS-ATF Heron Island,HER 16,151.93471,-23.46501,13.8,2012-03-16 23:15:00,151.93471,-23.46501,NO
2240571,VR2W-106875,IMOS Animal Tracking Facility,IMOS-ATF Heron Island,RECOVERED,2011-08-18 02:30:01,IMOS-ATF Heron Island,HER 15,151.94704,-23.47091,16.0,2012-03-17 01:38:24,151.94704,-23.47091,NO
2816100,VR2W-110633,IMOS Animal Tracking Facility,IMOS-ATF Heron Island,RECOVERED,2011-08-17 22:30:00,IMOS-ATF Heron Island,S Heron,151.97821,-23.47238,15.0,2012-03-16 23:13:46,151.9781,-23.47236,NO
2917346,VR2W-101807,IMOS Animal Tracking Facility,IMOS-ATF Heron Island,RECOVERED,2011-08-17 01:49:22,IMOS-ATF Heron Island,HER 14,151.96519,-23.47367,20.6,2012-03-16 23:39:30,151.96519,-23.47367,NO
2240624,VR2W-106900,IMOS Animal Tracking Facility,IMOS-ATF Heron Island,RECOVERED,2011-08-17 01:10:00,IMOS-ATF Heron Island,HER 19,151.89972,-23.43958,9.5,2012-03-17 00:10:00,151.89972,-23.43958,NO
2240556,VR2W-106874,IMOS Animal Tracking Facility,IMOS-ATF Heron Island,RECOVERED,2011-08-16 23:20:00,IMOS-ATF Heron Island,HER 21,151.92682,-23.43282,19.5,2012-03-16 00:00:34,151.92682,-23.43282,NO
2816086,VR2W-111253,IMOS Animal Tracking Facility,IMOS-ATF Heron Island,RECOVERED,2011-08-16 22:30:00,IMOS-ATF Heron Island,NW Heron,151.91522,-23.4343,13.0,2012-03-15 23:40:30,151.91539,-23.43442,NO
2240608,VR2W-106916,IMOS Animal Tracking Facility,IMOS-ATF Heron Island,RECOVERED,2011-08-15 22:32:00,IMOS-ATF Heron Island,HER 28,151.96809,-23.44894,2.3,2012-03-19 21:13:00,151.96809,-23.44894,NO
2240603,VR2W-106913,IMOS Animal Tracking Facility,IMOS-ATF Heron Island,RECOVERED,2011-08-14 23:36:00,IMOS-ATF Heron Island,HER 29,151.98003,-23.45055,2.6,2012-03-19 20:54:00,151.98003,-23.45055,NO
2240600,VR2W-106873,IMOS Animal Tracking Facility,IMOS-ATF Heron Island,RECOVERED,2011-08-14 23:19:37,IMOS-ATF Heron Island,HER 30,151.96498,-23.45711,2.5,2012-03-19 22:09:15,151.96498,-23.45711,NO
2240605,VR2W-106892,IMOS Animal Tracking Facility,IMOS-ATF Heron Island,RECOVERED,2011-08-14 22:38:07,IMOS-ATF Heron Island,HER 27,151.94925,-23.44342,1.0,2012-03-19 21:47:00,151.94925,-23.44342,NO
2816082,VR2W-113984,IMOS Animal Tracking Facility,IMOS-ATF Heron Island,RECOVERED,2011-08-14 22:30:00,IMOS-ATF Heron Island,NE Heron,151.94185,-23.43433,14.0,2012-03-16 06:43:25,151.94185,-23.43433,NO
2816085,VR2W-114554,IMOS Animal Tracking Facility,IMOS-ATF Heron Island,RECOVERED,2011-08-14 22:30:00,IMOS-ATF Heron Island,NE Heron,151.94185,-23.43433,14.0,2012-07-08 08:04:58,151.94185,-23.43433,NO
2240611,VR2W-106894,IMOS Animal Tracking Facility,IMOS-ATF Heron Island,RECOVERED,2011-08-14 22:12:01,IMOS-ATF Heron Island,HER 26,151.93344,-23.44721,1.2,2012-03-19 22:05:00,151.93344,-23.44721,NO
2251640,VR2W-113981,IMOS Animal Tracking Facility,IMOS-ATF Heron Island,RECOVERED,2011-08-13 23:00:00,IMOS-ATF Heron Island,Heron E2,151.99879,-23.45786,6.5,2012-03-17 02:37:00,151.99879,-23.45786,NO
2240635,VR2W-113983,IMOS Animal Tracking Facility,IMOS-ATF Heron Island,RECOVERED,2011-08-13 22:30:00,IMOS-ATF Heron Island,Heron E1,151.99969,-23.43712,8.0,2012-03-17 02:12:00,151.99969,-23.43712,NO
2240525,VR2W-106891,IMOS Animal Tracking Facility,IMOS-ATF Heron Island,RECOVERED,2011-08-13 05:11:00,IMOS-ATF Heron Island,HER 24,151.9807,-23.43666,10.8,2012-03-16 06:36:56,151.9807,-23.43666,NO
2240543,VR2W-106667,IMOS Animal Tracking Facility,IMOS-ATF Heron Island,RECOVERED,2011-08-13 03:40:00,IMOS-ATF Heron Island,HER 23,151.96806,-23.43562,10.6,2012-03-16 06:38:59,151.96806,-23.43562,NO
2240548,VR2W-101787,IMOS Animal Tracking Facility,IMOS-ATF Heron Island,RECOVERED,2011-08-13 03:20:00,IMOS-ATF Heron Island,HER 22,151.95218,-23.42828,11.0,2012-03-15 00:40:00,151.95218,-23.42828,NO
2816107,VR2W-106872,IMOS Animal Tracking Facility,IMOS-ATF Heron Island,RECOVERED,2011-08-11 02:21:00,IMOS-ATF Heron Island,HER 25,151.92105,-23.44353,1.5,2012-03-20 03:41:00,151.92105,-23.44353,NO
2240565,VR2W-101781,IMOS Animal Tracking Facility,IMOS-ATF Heron Island,RECOVERED,2011-08-06 23:50:00,IMOS-ATF Heron Island,HER 11,151.99995,-23.42931,9.0,2012-03-17 01:51:00,151.99995,-23.42931,NO
2240568,VR2W-101335,IMOS Animal Tracking Facility,IMOS-ATF Heron Island,RECOVERED,2011-08-06 21:00:00,IMOS-ATF Heron Island,HER 13,151.99083,-23.46936,16.7,2012-03-16 22:26:00,151.99083,-23.46936,NO
2240561,VR2W-101796,IMOS Animal Tracking Facility,IMOS-ATF Heron Island,RECOVERED,2011-08-06 05:43:56,IMOS-ATF Heron Island,HER 12,151.99947,-23.44943,7.6,2012-03-17 02:25:00,151.99947,-23.44943,NO
2911700,VR2W-112756,IMOS Animal Tracking Facility,IMOS-ATF Heron Island,RECOVERED,2011-04-11 23:30:00,IMOS-ATF Heron Island,S5,152.03047,-23.41777,9.0,2012-03-21 21:50:00,152.03047,-23.41777,NO
2911699,VR2W-112757,IMOS Animal Tracking Facility,IMOS-ATF Heron Island,RECOVERED,2011-04-11 22:30:00,IMOS-ATF Heron Island,S4,152.02306,-23.44973,10.0,2012-03-22 01:10:00,152.02306,-23.44973,NO
2911698,VR2W-112755,IMOS Animal Tracking Facility,IMOS-ATF Heron Island,RECOVERED,2011-04-11 00:30:00,IMOS-ATF Heron Island,S3,152.03804,-23.45718,9.0,2012-03-22 00:20:00,152.03804,-23.45718,NO
2911697,VR2W-112759,IMOS Animal Tracking Facility,IMOS-ATF Heron Island,RECOVERED,2011-04-10 23:30:00,IMOS-ATF Heron Island,S2,152.03952,-23.43652,10.0,2012-03-21 23:40:00,152.03952,-23.43652,NO
2911696,VR2W-112758,IMOS Animal Tracking Facility,IMOS-ATF Heron Island,RECOVERED,2011-04-10 22:30:00,IMOS-ATF Heron Island,S1,152.05516,-23.41504,10.0,2012-03-21 22:50:00,152.05516,-23.41504,NO
385561,VR2W-106902,IMOS Animal Tracking Facility,IMOS-ATF Heron Island,RECOVERED,2011-03-24 02:15:26,IMOS-ATF Heron Island,HER 19,151.89972,-23.43958,10.5,2011-08-19 21:52:00,151.89972,-23.43958,NO
385560,VR2W-106917,IMOS Animal Tracking Facility,IMOS-ATF Heron Island,RECOVERED,2011-03-24 01:38:30,IMOS-ATF Heron Island,HER 18,151.91231,-23.44754,16.0,2011-08-23 21:20:09,151.91231,-23.44754,NO
385554,VR2W-106883,IMOS Animal Tracking Facility,IMOS-ATF Heron Island,RECOVERED,2011-03-24 01:02:11,IMOS-ATF Heron Island,HER 16,151.93471,-23.46501,14.8,2011-08-23 21:25:04,151.93471,-23.46501,NO
385552,VR2W-106888,IMOS Animal Tracking Facility,IMOS-ATF Heron Island,RECOVERED,2011-03-23 23:44:00,IMOS-ATF Heron Island,HER 15,151.94704,-23.47091,17.0,2011-08-23 21:20:58,151.94704,-23.47091,NO
385559,VR2W-106877,IMOS Animal Tracking Facility,IMOS-ATF Heron Island,RECOVERED,2011-03-23 22:44:00,IMOS-ATF Heron Island,HER 17,151.92249,-23.45487,18.0,2011-08-23 21:23:08,151.92249,-23.45487,NO
385555,VR2W-106886,IMOS Animal Tracking Facility,IMOS-ATF Heron Island,RECOVERED,2011-03-23 00:48:00,IMOS-ATF Heron Island,HER 20,151.90315,-23.43458,17.8,2011-08-23 21:22:15,151.90315,-23.43458,NO
385557,VR2W-106901,IMOS Animal Tracking Facility,IMOS-ATF Heron Island,RECOVERED,2011-03-23 00:05:01,IMOS-ATF Heron Island,HER 22,151.95218,-23.42828,12.0,2011-08-13 03:20:00,151.95218,-23.42828,NO
385558,VR2W-106896,IMOS Animal Tracking Facility,IMOS-ATF Heron Island,RECOVERED,2011-03-22 23:40:37,IMOS-ATF Heron Island,HER 23,151.96806,-23.43562,11.6,2011-08-13 03:40:00,151.96806,-23.43562,NO
385553,VR2W-101717,IMOS Animal Tracking Facility,IMOS-ATF Heron Island,RECOVERED,2011-03-22 23:30:00,IMOS-ATF Heron Island,HER 24,151.9807,-23.43666,11.8,2011-08-19 21:53:03,151.9807,-23.43666,NO
385556,VR2W-106914,IMOS Animal Tracking Facility,IMOS-ATF Heron Island,RECOVERED,2011-03-22 22:16:00,IMOS-ATF Heron Island,HER 21,151.92682,-23.43282,20.5,2011-08-19 21:50:43,151.92682,-23.43282,NO
154714,VR2W-101692,IMOS Animal Tracking Facility,IMOS-ATF Heron Island,RECOVERED,2011-03-22 01:00:00,IMOS-ATF Heron Island,HER 11,151.99995,-23.42931,10.0,2011-08-05 23:50:00,151.99995,-23.42931,NO
154715,VR2W-101711,IMOS Animal Tracking Facility,IMOS-ATF Heron Island,RECOVERED,2011-03-22 00:27:00,IMOS-ATF Heron Island,HER 12,151.99947,-23.44943,8.6,2011-08-06 22:50:00,151.99947,-23.44943,NO
154713,VR2W-101729,IMOS Animal Tracking Facility,IMOS-ATF Heron Island,RECOVERED,2011-03-21 23:47:00,IMOS-ATF Heron Island,HER 13,151.99083,-23.46936,17.7,2011-08-06 22:00:00,151.99083,-23.46936,NO
154711,VR2W-111268,IMOS Animal Tracking Facility,IMOS-ATF Heron Island,RECOVERED,2011-03-21 11:04:00,IMOS-ATF Heron Island,HER 14,151.96519,-23.47367,21.6,2011-08-18 01:49:00,151.96519,-23.47367,NO
385562,VR2W-106872,IMOS Animal Tracking Facility,IMOS-ATF Heron Island,RECOVERED,2011-03-21 01:08:00,IMOS-ATF Heron Island,HER 25,151.92105,-23.44353,2.5,2011-08-11 02:11:00,151.92105,-23.44353,NO
385566,VR2W-106913,IMOS Animal Tracking Facility,IMOS-ATF Heron Island,RECOVERED,2011-03-20 18:35:00,IMOS-ATF Heron Island,HER 29,151.98003,-23.45055,3.6,2011-08-14 23:26:00,151.98003,-23.45055,NO
385567,VR2W-106873,IMOS Animal Tracking Facility,IMOS-ATF Heron Island,RECOVERED,2011-03-20 18:03:00,IMOS-ATF Heron Island,HER 30,151.96498,-23.45711,3.5,2011-08-14 23:09:37,151.96498,-23.45711,NO
385565,VR2W-106916,IMOS Animal Tracking Facility,IMOS-ATF Heron Island,RECOVERED,2011-03-20 17:44:00,IMOS-ATF Heron Island,HER 28,151.96809,-23.44894,3.3,2011-08-15 22:22:00,151.96809,-23.44894,NO
385564,VR2W-106892,IMOS Animal Tracking Facility,IMOS-ATF Heron Island,RECOVERED,2011-03-20 17:19:00,IMOS-ATF Heron Island,HER 27,151.94925,-23.44342,2.0,2011-08-14 22:28:07,151.94925,-23.44342,NO
385563,VR2W-106894,IMOS Animal Tracking Facility,IMOS-ATF Heron Island,RECOVERED,2011-03-20 16:55:00,IMOS-ATF Heron Island,HER 26,151.93344,-23.44721,2.5,2011-08-14 22:02:01,151.93344,-23.44721,NO
13492,VR2W-106884,IMOS Animal Tracking Facility,IMOS-ATF Heron Island,RECOVERED,2010-08-19 23:27:00,IMOS-ATF Heron Island,HER 17,151.92249,-23.45487,18.0,2011-03-23 22:44:00,151.92249,-23.45487,NO
13493,VR2W-106895,IMOS Animal Tracking Facility,IMOS-ATF Heron Island,RECOVERED,2010-08-19 04:27:00,IMOS-ATF Heron Island,HER 18,151.91231,-23.44754,16.0,2011-03-24 01:38:30,151.91231,-23.44754,NO
13494,VR2W-106876,IMOS Animal Tracking Facility,IMOS-ATF Heron Island,RECOVERED,2010-08-19 03:56:00,IMOS-ATF Heron Island,HER 19,151.89972,-23.43958,10.5,2011-03-24 02:15:26,151.89972,-23.43958,NO
13496,VR2W-106883,IMOS Animal Tracking Facility,IMOS-ATF Heron Island,RECOVERED,2010-08-18 22:40:00,IMOS-ATF Heron Island,HER 21,151.92682,-23.43282,20.5,2011-03-22 05:29:58,151.92682,-23.43282,NO
13495,VR2W-106877,IMOS Animal Tracking Facility,IMOS-ATF Heron Island,RECOVERED,2010-08-18 22:32:00,IMOS-ATF Heron Island,HER 20,151.90315,-23.43458,17.8,2011-03-22 05:30:38,151.90315,-23.43458,NO
13488,VR2W-106886,IMOS Animal Tracking Facility,IMOS-ATF Heron Island,RECOVERED,2010-08-14 04:58:00,IMOS-ATF Heron Island,HER 13,151.99083,-23.46936,17.7,2011-03-22 07:27:00,151.99083,-23.46936,NO
13490,VR2W-106893,IMOS Animal Tracking Facility,IMOS-ATF Heron Island,RECOVERED,2010-08-14 04:28:00,IMOS-ATF Heron Island,HER 15,151.94704,-23.47091,17.0,2011-03-23 23:44:00,151.94704,-23.47091,NO
13491,VR2W-106881,IMOS Animal Tracking Facility,IMOS-ATF Heron Island,RECOVERED,2010-08-14 03:30:00,IMOS-ATF Heron Island,HER 16,151.93471,-23.46501,14.8,2011-03-24 01:02:00,151.93471,-23.46501,NO
13489,VR2W-106914,IMOS Animal Tracking Facility,IMOS-ATF Heron Island,RECOVERED,2010-08-13 23:22:00,IMOS-ATF Heron Island,HER 14,151.96519,-23.47367,21.6,2011-03-22 07:27:46,151.96519,-23.47367,NO
13485,VR2W-106901,IMOS Animal Tracking Facility,IMOS-ATF Heron Island,RECOVERED,2010-08-13 04:07:00,IMOS-ATF Heron Island,HER 11,151.99995,-23.42931,10.0,2011-03-22 01:00:00,151.99995,-23.42931,NO
13487,VR2W-106896,IMOS Animal Tracking Facility,IMOS-ATF Heron Island,RECOVERED,2010-08-13 03:47:00,IMOS-ATF Heron Island,HER 12,151.99947,-23.44943,8.6,2011-03-22 00:27:00,151.99947,-23.44943,NO
13502,VR2W-106892,IMOS Animal Tracking Facility,IMOS-ATF Heron Island,RECOVERED,2010-08-13 00:56:00,IMOS-ATF Heron Island,HER 27,151.94925,-23.44342,2.0,2011-03-19 21:44:47,151.94925,-23.44342,NO
13576,VR2W-106873,IMOS Animal Tracking Facility,IMOS-ATF Heron Island,RECOVERED,2010-08-13 00:05:00,IMOS-ATF Heron Island,HER 30,151.96498,-23.45711,3.5,2011-03-19 22:28:50,151.96498,-23.45711,NO
13504,VR2W-106913,IMOS Animal Tracking Facility,IMOS-ATF Heron Island,RECOVERED,2010-08-12 23:46:00,IMOS-ATF Heron Island,HER 29,151.98003,-23.45055,3.6,2011-03-19 23:01:12,151.98003,-23.45055,NO
13503,VR2W-106916,IMOS Animal Tracking Facility,IMOS-ATF Heron Island,RECOVERED,2010-08-12 23:24:00,IMOS-ATF Heron Island,HER 28,151.96809,-23.44894,3.3,2011-03-19 22:10:07,151.96809,-23.44894,NO
13497,VR2W-106917,IMOS Animal Tracking Facility,IMOS-ATF Heron Island,RECOVERED,2010-08-12 23:14:00,IMOS-ATF Heron Island,HER 22,151.95218,-23.42828,12.0,2011-03-22 05:29:35,151.95218,-23.42828,NO
13498,VR2W-106902,IMOS Animal Tracking Facility,IMOS-ATF Heron Island,RECOVERED,2010-08-12 03:44:00,IMOS-ATF Heron Island,HER 23,151.96806,-23.43562,11.6,2011-03-22 05:27:57,151.96806,-23.43562,NO
13499,VR2W-106888,IMOS Animal Tracking Facility,IMOS-ATF Heron Island,RECOVERED,2010-08-12 03:35:00,IMOS-ATF Heron Island,HER 24,151.9807,-23.43666,11.8,2011-03-23 05:28:59,151.9807,-23.43666,NO
13500,VR2W-106872,IMOS Animal Tracking Facility,IMOS-ATF Heron Island,RECOVERED,2010-08-12 00:29:00,IMOS-ATF Heron Island,HER 25,151.92105,-23.44353,2.5,2011-03-20 05:33:53,151.92105,-23.44353,NO
13501,VR2W-106894,IMOS Animal Tracking Facility,IMOS-ATF Heron Island,RECOVERED,2010-08-12 00:07:00,IMOS-ATF Heron Island,HER 26,151.93344,-23.44721,2.2,2011-03-19 21:20:54,151.93344,-23.44721,NO
